id;nome;pais;continente;escudo_url;bandeira_url;pesId
1;BRASIL;BRASIL;AMÉRICA DO SUL;;https://a.imagem.app/oS16yW.png;
2;Avaí;BRASIL;AMÉRICA DO SUL;https://a.imagem.app/oS7hgQ.png;https://a.imagem.app/oS16yW.png;1243
3;Atlético Mineiro;BRASIL;AMÉRICA DO SUL;https://a.imagem.app/oS7Sjb.png;https://a.imagem.app/oS16yW.png;112
4;Novorizontino;BRASIL;AMÉRICA DO SUL;https://a.imagem.app/oS7z31.png;https://a.imagem.app/oS16yW.png;
5;Vila Nova;BRASIL;AMÉRICA DO SUL;https://a.imagem.app/oS72iW.png;https://a.imagem.app/oS16yW.png;
6;Paysandu;BRASIL;AMÉRICA DO SUL;https://a.imagem.app/oPjVUr.png;https://a.imagem.app/oS16yW.png;
7;Operário Ferroviário;BRASIL;AMÉRICA DO SUL;https://a.imagem.app/oPjMry.png;https://a.imagem.app/oS16yW.png;
8;Amazonas;BRASIL;AMÉRICA DO SUL;https://a.imagem.app/oPl1Bb.png;https://a.imagem.app/oS16yW.png;
9;Botafogo De Ribeirão Preto;BRASIL;AMÉRICA DO SUL;https://a.imagem.app/oS7Kwr.png;https://a.imagem.app/oS16yW.png;
10;Criciúma;BRASIL;AMÉRICA DO SUL;https://a.imagem.app/oS7ea2.png;https://a.imagem.app/oS16yW.png;
11;Guarani;BRASIL;AMÉRICA DO SUL;https://a.imagem.app/oS71kP.png;https://a.imagem.app/oS16yW.png;
12;Mirassol;BRASIL;AMÉRICA DO SUL;https://a.imagem.app/oS76jl.png;https://a.imagem.app/oS16yW.png;
13;Ituano;BRASIL;AMÉRICA DO SUL;https://a.imagem.app/oS7ivS.png;https://a.imagem.app/oS16yW.png;
14;Juventude;BRASIL;AMÉRICA DO SUL;https://a.imagem.app/oS7X3v.png;https://a.imagem.app/oS16yW.png;
15;Sport Recife;BRASIL;AMÉRICA DO SUL;https://a.imagem.app/oS7xFT.png;https://a.imagem.app/oS16yW.png;
16;Brusque;BRASIL;AMÉRICA DO SUL;https://a.imagem.app/oPl6FQ.png;https://a.imagem.app/oS16yW.png;
17;Ponte Preta;BRASIL;AMÉRICA DO SUL;https://a.imagem.app/oS7qWZ.png;https://a.imagem.app/oS16yW.png;
18;Chapecoense;BRASIL;AMÉRICA DO SUL;https://a.imagem.app/oS7jKi.png;https://a.imagem.app/oS16yW.png;
19;Crb;BRASIL;AMÉRICA DO SUL;https://a.imagem.app/oS7lC8.png;https://a.imagem.app/oS16yW.png;
20;Vitória;BRASIL;AMÉRICA DO SUL;https://a.imagem.app/oS75aE.png;https://a.imagem.app/oS16yW.png;1251
21;Ceará;BRASIL;AMÉRICA DO SUL;https://a.imagem.app/oS7cze.png;https://a.imagem.app/oS16yW.png;
22;Atlético Goianiense;BRASIL;AMÉRICA DO SUL;https://a.imagem.app/oS7rjN.png;https://a.imagem.app/oS16yW.png;
23;Vasco Da Gama;BRASIL;AMÉRICA DO SUL;https://a.imagem.app/oS7wvC.png;https://a.imagem.app/oS16yW.png;133
24;São Paulo;BRASIL;AMÉRICA DO SUL;https://a.imagem.app/oS7LBY.png;https://a.imagem.app/oS16yW.png;126
25;Santos;BRASIL;AMÉRICA DO SUL;https://a.imagem.app/oS7tFa.png;https://a.imagem.app/oS16yW.png;125
26;Red Bull Bragantino;BRASIL;AMÉRICA DO SUL;https://a.imagem.app/oS7uQ9.png;https://a.imagem.app/oS16yW.png;
27;Palmeiras;BRASIL;AMÉRICA DO SUL;https://a.imagem.app/oS7Epk.png;https://a.imagem.app/oS16yW.png;120
28;Internacional;BRASIL;AMÉRICA DO SUL;https://a.imagem.app/oS7QKV.png;https://a.imagem.app/oS16yW.png;118
29;Grêmio;BRASIL;AMÉRICA DO SUL;https://a.imagem.app/oS7RCJ.png;https://a.imagem.app/oS16yW.png;117
30;Goiás;BRASIL;AMÉRICA DO SUL;https://a.imagem.app/oS7ZfG.png;https://a.imagem.app/oS16yW.png;
31;Fortaleza;BRASIL;AMÉRICA DO SUL;https://a.imagem.app/oS7mzm.png;https://a.imagem.app/oS16yW.png;
32;Fluminense;BRASIL;AMÉRICA DO SUL;https://a.imagem.app/oS7glX.png;https://a.imagem.app/oS16yW.png;
33;Flamengo;BRASIL;AMÉRICA DO SUL;https://a.imagem.app/oS7vMb.png;https://a.imagem.app/oS16yW.png;134
34;Cuiabá;BRASIL;AMÉRICA DO SUL;https://a.imagem.app/oS7VBQ.png;https://a.imagem.app/oS16yW.png;
35;Cruzeiro;BRASIL;AMÉRICA DO SUL;https://a.imagem.app/oS74X1.png;https://a.imagem.app/oS16yW.png;1219
36;Coritiba;BRASIL;AMÉRICA DO SUL;https://a.imagem.app/oS7PQW.png;https://a.imagem.app/oS16yW.png;1245
37;Corinthians;BRASIL;AMÉRICA DO SUL;https://a.imagem.app/oS7Upt.png;https://a.imagem.app/oS16yW.png;114
38;Botafogo;BRASIL;AMÉRICA DO SUL;https://a.imagem.app/oS7fe0.png;https://a.imagem.app/oS16yW.png;113
39;Bahia;BRASIL;AMÉRICA DO SUL;https://a.imagem.app/oS7yCy.png;https://a.imagem.app/oS16yW.png;1244
40;Athletico Paranaense;BRASIL;AMÉRICA DO SUL;https://a.imagem.app/oS7Dfr.png;https://a.imagem.app/oS16yW.png;116
41;América Mineiro;BRASIL;AMÉRICA DO SUL;https://a.imagem.app/oS7O22.png;https://a.imagem.app/oS16yW.png;1242
42;Confiança;Brasil;AMÉRICA DO SUL;https://a.imagem.app/BFlizi.png;https://a.imagem.app/oS16yW.png;
43;Maringá;Brasil;AMÉRICA DO SUL;https://a.imagem.app/BFlFl8.png;https://a.imagem.app/oS16yW.png;
44;Londrina;Brasil;AMÉRICA DO SUL;https://a.imagem.app/BFlXvE.png;https://a.imagem.app/oS16yW.png;
45;Caxias;Brasil;AMÉRICA DO SUL;https://a.imagem.app/BFlTBe.png;https://a.imagem.app/oS16yW.png;
46;Anápolis;Brasil;AMÉRICA DO SUL;https://a.imagem.app/BFlqFN.png;https://a.imagem.app/oS16yW.png;
47;Botafogo Da Paraíba;Brasil;AMÉRICA DO SUL;https://a.imagem.app/BFlJQC.png;https://a.imagem.app/oS16yW.png;
48;Figueirense;Brasil;AMÉRICA DO SUL;https://a.imagem.app/BFljpY.png;https://a.imagem.app/oS16yW.png;
49;Tombense;Brasil;AMÉRICA DO SUL;https://a.imagem.app/BFlZe1.png;https://a.imagem.app/oS16yW.png;
50;Ypiranga;Brasil;AMÉRICA DO SUL;https://a.imagem.app/BFl5Ka.png;https://a.imagem.app/oS16yW.png;
51;São Bernardo;Brasil;AMÉRICA DO SUL;https://a.imagem.app/BFlIRb.png;https://a.imagem.app/oS16yW.png;
52;Retrô FC Brasil;Brasil;AMÉRICA DO SUL;https://a.imagem.app/BFl9C9.png;https://a.imagem.app/oS16yW.png;
53;Náutico;Brasil;AMÉRICA DO SUL;https://a.imagem.app/BFlwzV.png;https://a.imagem.app/oS16yW.png;
54;Itabaiana;Brasil;AMÉRICA DO SUL;https://a.imagem.app/BFlClJ.png;https://a.imagem.app/oS16yW.png;
55;Floresta;Brasil;AMÉRICA DO SUL;https://a.imagem.app/BFlLMG.png;https://a.imagem.app/oS16yW.png;
56;Csa;Brasil;AMÉRICA DO SUL;https://a.imagem.app/BFluBm.png;https://a.imagem.app/oS16yW.png;
57;ABC De Natal;Brasil;AMÉRICA DO SUL;https://a.imagem.app/BFlEXX.png;https://a.imagem.app/oS16yW.png;
58;Athletic Club;Brasil;AMÉRICA DO SUL;https://a.imagem.app/BxMIJJ.png;https://a.imagem.app/oS16yW.png;
59;Ferroviária;Brasil;AMÉRICA DO SUL;https://a.imagem.app/BxMEhV.png;https://a.imagem.app/oS16yW.png;
60;Volta Redonda;Brasil;AMÉRICA DO SUL;https://a.imagem.app/BxMQgG.png;https://a.imagem.app/oS16yW.png;
61;Remo;Brasil;AMÉRICA DO SUL;https://a.imagem.app/BxMZom.png;https://a.imagem.app/oS16yW.png;
62;Treze;Brasil;AMÉRICA DO SUL;https://a.imagem.app/BEa17b.png;https://a.imagem.app/oS16yW.png;
63;Águia De Marabá;Brasil;AMÉRICA DO SUL;https://a.imagem.app/BEa65Q.png;https://a.imagem.app/oS16yW.png;
64;Água Santa;Brasil;AMÉRICA DO SUL;https://a.imagem.app/BEaiV1.png;https://a.imagem.app/oS16yW.png;
65;Manaus;Brasil;AMÉRICA DO SUL;https://a.imagem.app/BEaXGW.png;https://a.imagem.app/oS16yW.png;
66;Pouso Alegre;Brasil;AMÉRICA DO SUL;https://a.imagem.app/BEaxxt.png;https://a.imagem.app/oS16yW.png;
67;Nova Iguaçu;Brasil;AMÉRICA DO SUL;https://a.imagem.app/BEaTZ0.png;https://a.imagem.app/oS16yW.png;
68;São José;Brasil;AMÉRICA DO SUL;https://a.imagem.app/BEaJ8y.png;https://a.imagem.app/oS16yW.png;
69;América De Natal;Brasil;AMÉRICA DO SUL;https://a.imagem.app/BEajsr.png;https://a.imagem.app/oS16yW.png;
70;Sampaio Corrêa;Brasil;AMÉRICA DO SUL;https://a.imagem.app/BEalt2.png;https://a.imagem.app/oS16yW.png;
71;Maricá;Brasil;AMÉRICA DO SUL;https://a.imagem.app/BEa5yP.png;https://a.imagem.app/oS16yW.png;
72;Joinville;Brasil;AMÉRICA DO SUL;https://a.imagem.app/BEac7l.png;https://a.imagem.app/oS16yW.png;
73;Sousa Ec;Brasil;AMÉRICA DO SUL;https://a.imagem.app/BEar9S.png;https://a.imagem.app/oS16yW.png;
74;Juazeirense;Brasil;AMÉRICA DO SUL;https://a.imagem.app/BEawVv.png;https://a.imagem.app/oS16yW.png;
75;Brasil De Pelotas;Brasil;AMÉRICA DO SUL;https://a.imagem.app/BEaLHT.png;https://a.imagem.app/oS16yW.png;
76;Altos;Brasil;AMÉRICA DO SUL;https://a.imagem.app/BEatT3.png;https://a.imagem.app/oS16yW.png;
77;Trem;Brasil;AMÉRICA DO SUL;https://a.imagem.app/BEauZZ.png;https://a.imagem.app/oS16yW.png;
78;Inter De Limeira;Brasil;AMÉRICA DO SUL;https://a.imagem.app/BEaIAi.png;https://a.imagem.app/oS16yW.png;
79;Boavista;Brasil;AMÉRICA DO SUL;https://a.imagem.app/BEaQ18.png;https://a.imagem.app/oS16yW.png;
80;Tuna Luso;Brasil;AMÉRICA DO SUL;https://a.imagem.app/BEaRtE.png;https://a.imagem.app/oS16yW.png;
81;Portuguesa;Brasil;AMÉRICA DO SUL;https://a.imagem.app/BEaZDe.png;https://a.imagem.app/oS16yW.png;
82;Santa Cruz;Brasil;AMÉRICA DO SUL;https://a.imagem.app/BEam7N.png;https://a.imagem.app/oS16yW.png;
83;Aparecidense;Brasil;AMÉRICA DO SUL;https://a.imagem.app/BEag9C.png;https://a.imagem.app/oS16yW.png;
84;ARGENTINA;ARGENTINA;AMÉRICA DO SUL;;https://a.imagem.app/oS1WN1.png;
85;Vélez Sarsfield;ARGENTINA;AMÉRICA DO SUL;https://a.imagem.app/oSYOuk.png;https://a.imagem.app/oS1WN1.png;
86;Unión Santa Fe;ARGENTINA;AMÉRICA DO SUL;https://a.imagem.app/oSYN19.png;https://a.imagem.app/oS1WN1.png;
87;Tigre;ARGENTINA;AMÉRICA DO SUL;https://a.imagem.app/oSYWDV.png;https://a.imagem.app/oS1WN1.png;
88;Talleres De Córdoba;ARGENTINA;AMÉRICA DO SUL;https://a.imagem.app/oSn8YJ.png;https://a.imagem.app/oS1WN1.png;
89;Sarmiento;ARGENTINA;AMÉRICA DO SUL;https://a.imagem.app/oSnAcG.png;https://a.imagem.app/oS1WN1.png;
90;San Lorenzo;ARGENTINA;AMÉRICA DO SUL;https://a.imagem.app/oSnb4m.png;https://a.imagem.app/oS1WN1.png;
91;Rosario Central;ARGENTINA;AMÉRICA DO SUL;https://a.imagem.app/oSn3SX.png;https://a.imagem.app/oS1WN1.png;
92;River Plate;ARGENTINA;AMÉRICA DO SUL;https://a.imagem.app/oSnBqb.png;https://a.imagem.app/oS1WN1.png;
93;Racing Club;ARGENTINA;AMÉRICA DO SUL;https://a.imagem.app/oSnGdQ.png;https://a.imagem.app/oS1WN1.png;
94;Platense;ARGENTINA;AMÉRICA DO SUL;https://a.imagem.app/oSnSb1.png;https://a.imagem.app/oS1WN1.png;
95;Newell'S Old Boys;ARGENTINA;AMÉRICA DO SUL;https://a.imagem.app/oSnh1W.png;https://a.imagem.app/oS1WN1.png;
96;Lanús;ARGENTINA;AMÉRICA DO SUL;https://a.imagem.app/oSnkut.png;https://a.imagem.app/oS1WN1.png;
97;Independiente;ARGENTINA;AMÉRICA DO SUL;https://a.imagem.app/oSnzN0.png;https://a.imagem.app/oS1WN1.png;
98;Huracán;ARGENTINA;AMÉRICA DO SUL;https://a.imagem.app/oSn7Yy.png;https://a.imagem.app/oS1WN1.png;
99;Godoy Cruz;ARGENTINA;AMÉRICA DO SUL;https://a.imagem.app/oSnYcr.png;https://a.imagem.app/oS1WN1.png;
100;Gimnasia Y Esgrima La Plata;ARGENTINA;AMÉRICA DO SUL;https://a.imagem.app/oSnnP2.png;https://a.imagem.app/oS1WN1.png;
101;Estudiantes;ARGENTINA;AMÉRICA DO SUL;https://a.imagem.app/oSnKSP.png;https://a.imagem.app/oS1WN1.png;
102;Defensa Y Justicia;ARGENTINA;AMÉRICA DO SUL;https://a.imagem.app/oSneql.png;https://a.imagem.app/oS1WN1.png;
103;Central Córdoba;ARGENTINA;AMÉRICA DO SUL;https://a.imagem.app/oSnsmS.png;https://a.imagem.app/oS1WN1.png;
104;Colón;ARGENTINA;AMÉRICA DO SUL;https://a.imagem.app/oSn6bv.png;https://a.imagem.app/oS1WN1.png;
105;Boca Juniors;ARGENTINA;AMÉRICA DO SUL;https://a.imagem.app/oSni6T.png;https://a.imagem.app/oS1WN1.png;
106;Barracas Central;ARGENTINA;AMÉRICA DO SUL;https://a.imagem.app/oSnFE3.png;https://a.imagem.app/oS1WN1.png;
107;Banfield;ARGENTINA;AMÉRICA DO SUL;https://a.imagem.app/oSnXNZ.png;https://a.imagem.app/oS1WN1.png;
108;Atlético Tucumán;ARGENTINA;AMÉRICA DO SUL;https://a.imagem.app/oSnTni.png;https://a.imagem.app/oS1WN1.png;
109;Arsenal de Sarandí;ARGENTINA;AMÉRICA DO SUL;https://a.imagem.app/oSnqr8.png;https://a.imagem.app/oS1WN1.png;
110;Argentinos Juniors;ARGENTINA;AMÉRICA DO SUL;https://a.imagem.app/oSnJPE.png;https://a.imagem.app/oS1WN1.png;
111;Agropecuario Argentino;ARGENTINA;AMÉRICA DO SUL;https://a.imagem.app/BQDLdY.jpeg;https://a.imagem.app/oS1WN1.png;
112;Aldosivi;ARGENTINA;AMÉRICA DO SUL;https://a.imagem.app/BQDCTC.png;https://a.imagem.app/oS1WN1.png;
113;All Boys;ARGENTINA;AMÉRICA DO SUL;https://a.imagem.app/BQDuAa.png;https://a.imagem.app/oS1WN1.png;
114;Almirante Brown;ARGENTINA;AMÉRICA DO SUL;https://a.imagem.app/BQDE19.png;https://a.imagem.app/oS1WN1.png;
115;Atlético Alvarado;ARGENTINA;AMÉRICA DO SUL;https://a.imagem.app/BQDIuk.jpeg;https://a.imagem.app/oS1WN1.png;
116;Atlético Platense;ARGENTINA;AMÉRICA DO SUL;https://a.imagem.app/BQDQDV.png;https://a.imagem.app/oS1WN1.png;
117;Atlético San Martín;ARGENTINA;AMÉRICA DO SUL;https://a.imagem.app/BQDvSX.png;https://a.imagem.app/oS1WN1.png;
118;Atlético San Telmo;ARGENTINA;AMÉRICA DO SUL;https://a.imagem.app/BQDMqb.png;https://a.imagem.app/oS1WN1.png;
119;Atlético Temperley;ARGENTINA;AMÉRICA DO SUL;https://a.imagem.app/BQDVdQ.png;https://a.imagem.app/oS1WN1.png;
120;Central Norte;ARGENTINA;AMÉRICA DO SUL;https://a.imagem.app/BQDPb1.png;https://a.imagem.app/oS1WN1.png;
121;Chacarita Juniors;ARGENTINA;AMÉRICA DO SUL;https://a.imagem.app/BQDfN0.png;https://a.imagem.app/oS1WN1.png;
122;Deportivo Riestra;ARGENTINA;AMÉRICA DO SUL;https://a.imagem.app/BQDDYy.png;https://a.imagem.app/oS1WN1.png;
123;Ferro Carril Oeste;ARGENTINA;AMÉRICA DO SUL;https://a.imagem.app/BQDNcr.png;https://a.imagem.app/oS1WN1.png;
124;Independiente Rivadavia;ARGENTINA;AMÉRICA DO SUL;https://a.imagem.app/BQDOP2.png;https://a.imagem.app/oS1WN1.png;
125;Instituto Acc;ARGENTINA;AMÉRICA DO SUL;https://a.imagem.app/BQDpSP.png;https://a.imagem.app/oS1WN1.png;
126;Nueva Chicago;ARGENTINA;AMÉRICA DO SUL;https://a.imagem.app/BQN8ql.png;https://a.imagem.app/oS1WN1.png;
127;Patronato;ARGENTINA;AMÉRICA DO SUL;https://a.imagem.app/BQNAmS.webp;https://a.imagem.app/oS1WN1.png;
128;Quilmes Ac;ARGENTINA;AMÉRICA DO SUL;https://a.imagem.app/BQNobv.png;https://a.imagem.app/oS1WN1.png;
129;Belgrano;ARGENTINA;AMÉRICA DO SUL;https://a.imagem.app/Bdcvi1.png;https://a.imagem.app/oS1WN1.png;
130;CHILE;CHILE;AMÉRICA DO SUL;;https://a.imagem.app/oS1OuQ.png;
131;Universidad De Chile;CHILE;AMÉRICA DO SUL;https://a.imagem.app/oS0jKt.png;https://a.imagem.app/oS1OuQ.png;
132;Universidad Católica;CHILE;AMÉRICA DO SUL;https://a.imagem.app/oS0qWW.png;https://a.imagem.app/oS1OuQ.png;
133;Unión La Calera;CHILE;AMÉRICA DO SUL;https://a.imagem.app/oS0lC0.png;https://a.imagem.app/oS1OuQ.png;
134;Unión Española;CHILE;AMÉRICA DO SUL;https://a.imagem.app/oS05ay.png;https://a.imagem.app/oS1OuQ.png;
135;Palestino;CHILE;AMÉRICA DO SUL;https://a.imagem.app/oS0czr.png;https://a.imagem.app/oS1OuQ.png;
136;Ñublense;CHILE;AMÉRICA DO SUL;https://a.imagem.app/oS0rl2.png;https://a.imagem.app/oS1OuQ.png;
137;O'Higgins;CHILE;AMÉRICA DO SUL;https://a.imagem.app/oS0wvP.png;https://a.imagem.app/oS1OuQ.png;
138;Deportivo Limache;CHILE;AMÉRICA DO SUL;https://a.imagem.app/BQNPje.png;https://a.imagem.app/oS1OuQ.png;
139;Huachipato;CHILE;AMÉRICA DO SUL;https://a.imagem.app/oS0tXS.png;https://a.imagem.app/oS1OuQ.png;
140;CD Everton;CHILE;AMÉRICA DO SUL;https://a.imagem.app/oS0uQv.png;https://a.imagem.app/oS1OuQ.png;
141;Deportes La Serena;CHILE;AMÉRICA DO SUL;https://a.imagem.app/BQNUgN.png;https://a.imagem.app/oS1OuQ.png;
142;Coquimbo Unido;CHILE;AMÉRICA DO SUL;https://a.imagem.app/oS0RCZ.png;https://a.imagem.app/oS1OuQ.png;
143;Colo Colo;CHILE;AMÉRICA DO SUL;https://a.imagem.app/oS0Zfi.png;https://a.imagem.app/oS1OuQ.png;
144;Cobresal;CHILE;AMÉRICA DO SUL;https://a.imagem.app/oS0m28.png;https://a.imagem.app/oS1OuQ.png;
145;Audax Italiano;CHILE;AMÉRICA DO SUL;https://a.imagem.app/oS0glE.png;https://a.imagem.app/oS1OuQ.png;
146;Deportivo Municipal Iquique;CHILE;AMÉRICA DO SUL;https://a.imagem.app/3CfhgT.png;https://a.imagem.app/oS1OuQ.png;
147;COLOMBIA;COLOMBIA;AMÉRICA DO SUL;;https://a.imagem.app/oS1N6b.png;
148;Independiente Santa Fe;COLOMBIA;AMÉRICA DO SUL;https://a.imagem.app/oSK1t3.png;https://a.imagem.app/oS1N6b.png;
149;Rionegro Águilas;COLOMBIA;AMÉRICA DO SUL;https://a.imagem.app/BtNgi0.png;https://a.imagem.app/oS1N6b.png;
150;Patriotas;COLOMBIA;AMÉRICA DO SUL;https://a.imagem.app/oSKX98.png;https://a.imagem.app/oS1N6b.png;
151;Once Caldas;COLOMBIA;AMÉRICA DO SUL;https://a.imagem.app/oSKxVE.png;https://a.imagem.app/oS1N6b.png;
152;Millonarios;COLOMBIA;AMÉRICA DO SUL;https://a.imagem.app/oSKqHe.png;https://a.imagem.app/oS1N6b.png;
153;La Equidad;COLOMBIA;AMÉRICA DO SUL;https://a.imagem.app/oSKJxN.png;https://a.imagem.app/oS1N6b.png;
154;Junior;COLOMBIA;AMÉRICA DO SUL;https://a.imagem.app/oSKjZC.png;https://a.imagem.app/oS1N6b.png;
155;Jaguares De Córdoba;COLOMBIA;AMÉRICA DO SUL;https://a.imagem.app/oSK5AY.png;https://a.imagem.app/oS1N6b.png;
156;Independiente Medellín;COLOMBIA;AMÉRICA DO SUL;https://a.imagem.app/oSK9sa.png;https://a.imagem.app/oS1N6b.png;
157;Envigado;COLOMBIA;AMÉRICA DO SUL;https://a.imagem.app/oSKct9.png;https://a.imagem.app/oS1N6b.png;
158;Deportivo Pereira;COLOMBIA;AMÉRICA DO SUL;https://a.imagem.app/oSKrDk.png;https://a.imagem.app/oS1N6b.png;
159;Deportivo Pasto;COLOMBIA;AMÉRICA DO SUL;https://a.imagem.app/oSKC7V.png;https://a.imagem.app/oS1N6b.png;
160;Deportivo Cali;COLOMBIA;AMÉRICA DO SUL;https://a.imagem.app/oSKL9J.png;https://a.imagem.app/oS1N6b.png;
161;Deportes Tolima;COLOMBIA;AMÉRICA DO SUL;https://a.imagem.app/oSKt4G.png;https://a.imagem.app/oS1N6b.png;
162;Atlético Nacional;COLOMBIA;AMÉRICA DO SUL;https://a.imagem.app/oSKITX.png;https://a.imagem.app/oS1N6b.png;
163;Atlético Bucaramanga;COLOMBIA;AMÉRICA DO SUL;https://a.imagem.app/oSKQdb.png;https://a.imagem.app/oS1N6b.png;
164;América De Cali;COLOMBIA;AMÉRICA DO SUL;https://a.imagem.app/oSKZAQ.png;https://a.imagem.app/oS1N6b.png;
165;Alianza FC;COLOMBIA;AMÉRICA DO SUL;https://a.imagem.app/BR5EFt.png;https://a.imagem.app/oS1N6b.png;
166;Boyacá Chicó;COLOMBIA;AMÉRICA DO SUL;https://a.imagem.app/BtNDgT.png;https://a.imagem.app/oS1N6b.png;
167;Fortaleza CEIF;COLOMBIA;AMÉRICA DO SUL;https://a.imagem.app/BtNZmW.png;https://a.imagem.app/oS1N6b.png;
168;URUGUAI;URUGUAI;;;https://a.imagem.app/oS6Gm2.png;
169;Atletico River Plate;URUGUAI;AMÉRICA DO SUL;https://a.imagem.app/oSsvMr.png;https://a.imagem.app/oS6Gm2.png;
170;Racing Club de Montevideo;URUGUAI;AMÉRICA DO SUL;https://a.imagem.app/oSsVG2.png;https://a.imagem.app/oS6Gm2.png;
171;Plaza Colonia;URUGUAI;AMÉRICA DO SUL;https://a.imagem.app/oSs4XP.png;https://a.imagem.app/oS6Gm2.png;
172;Peñarol;URUGUAI;AMÉRICA DO SUL;https://a.imagem.app/oSsPRl.png;https://a.imagem.app/oS6Gm2.png;
173;Nacional;URUGUAI;AMÉRICA DO SUL;https://a.imagem.app/oSsa8S.png;https://a.imagem.app/oS6Gm2.png;
174;Montevideo Wanderers;URUGUAI;AMÉRICA DO SUL;https://a.imagem.app/oSsfev.png;https://a.imagem.app/oS6Gm2.png;
175;Montevideo City Torque;URUGUAI;AMÉRICA DO SUL;https://a.imagem.app/oSsyLT.png;https://a.imagem.app/oS6Gm2.png;
176;Liverpool Montevideo;URUGUAI;AMÉRICA DO SUL;https://a.imagem.app/oSsDy3.png;https://a.imagem.app/oS6Gm2.png;
177;CA Juventud;URUGUAI;AMÉRICA DO SUL;https://a.imagem.app/BQO8aJ.png;https://a.imagem.app/oS6Gm2.png;
178;CA Progreso;URUGUAI;AMÉRICA DO SUL;https://a.imagem.app/BQObzG.webp;https://a.imagem.app/oS6Gm2.png;
179;Miramar Misiones;URUGUAI;AMÉRICA DO SUL;https://a.imagem.app/BQOojm.png;https://a.imagem.app/oS6Gm2.png;
180;Defensor Sporting;URUGUAI;AMÉRICA DO SUL;https://a.imagem.app/oS1AGE.png;https://a.imagem.app/oS6Gm2.png;
181;Danubio Montevideo;URUGUAI;AMÉRICA DO SUL;https://a.imagem.app/oS1bxe.png;https://a.imagem.app/oS6Gm2.png;
182;Cerro Largo;URUGUAI;AMÉRICA DO SUL;https://a.imagem.app/oS1oRN.png;https://a.imagem.app/oS6Gm2.png;
183;Club Atlético Cerro;URUGUAI;AMÉRICA DO SUL;https://a.imagem.app/oS1B8C.png;https://a.imagem.app/oS6Gm2.png;
184;Boston River;URUGUAI;AMÉRICA DO SUL;https://a.imagem.app/oS1GsY.png;https://a.imagem.app/oS6Gm2.png;
186;Club Olimpia;Paraguai;AMÉRICA DO SUL;https://a.imagem.app/ohA9VZ.png;https://a.imagem.app/ohACZE.png;
187;Club Guaraní;Paraguai;AMÉRICA DO SUL;https://a.imagem.app/ohA593.png;https://a.imagem.app/ohACZE.png;
188;Club Libertad;Paraguai;AMÉRICA DO SUL;https://a.imagem.app/ohArHi.png;https://a.imagem.app/ohACZE.png;
189;Cerro Porteño;Paraguai;AMÉRICA DO SUL;https://a.imagem.app/ohAwT8.png;https://a.imagem.app/ohACZE.png;
190;Atlético Tembetary;Paraguai;AMÉRICA DO SUL;https://a.imagem.app/BR5vzl.png;https://a.imagem.app/ohACZE.png;
191;Club Nacional Asunción;Paraguai;AMÉRICA DO SUL;https://a.imagem.app/BR5maP.png;https://a.imagem.app/ohACZE.png;
192;General Caballero;Paraguai;AMÉRICA DO SUL;https://a.imagem.app/BR5MlS.png;https://a.imagem.app/ohACZE.png;
193;Recoleta Fc;Paraguai;AMÉRICA DO SUL;https://a.imagem.app/BR5Vvv.png;https://a.imagem.app/ohACZE.png;
194;Sportivo Ameliano;Paraguai;AMÉRICA DO SUL;https://a.imagem.app/BR5PBT.png;https://a.imagem.app/ohACZE.png;
195;Sportivo Luqueño;Paraguai;AMÉRICA DO SUL;https://a.imagem.app/BR5aQZ.png;https://a.imagem.app/ohACZE.png;
196;Sportivo Trinidense;Paraguai;AMÉRICA DO SUL;https://a.imagem.app/BR5UX3.png;https://a.imagem.app/ohACZE.png;
197;Sportivo 2 De Mayo;Paraguai;AMÉRICA DO SUL;https://a.imagem.app/BR5fpi.png;https://a.imagem.app/ohACZE.png;
199;The Strongest;Bolivia;AMÉRICA DO SUL;https://a.imagem.app/ohAIDY.png;https://a.imagem.app/ohA4Am.png;
200;Club Bolívar;Bolivia;AMÉRICA DO SUL;https://a.imagem.app/ohAEtC.png;https://a.imagem.app/ohA4Am.png;
201;Jorge Wilstermann;Bolivia;AMÉRICA DO SUL;https://a.imagem.app/ohAR7a.png;https://a.imagem.app/ohA4Am.png;
202;San José;Bolivia;AMÉRICA DO SUL;https://a.imagem.app/ohAZ99.png;https://a.imagem.app/ohA4Am.png;
203;Always Ready;Bolivia;AMÉRICA DO SUL;https://a.imagem.app/3tRdji.png;https://a.imagem.app/ohA4Am.png;
204;San Antonio Bulo Bulo;Bolivia;AMÉRICA DO SUL;https://a.imagem.app/BtQnQ9.png;https://a.imagem.app/ohA4Am.png;
205;Club A.B.B.;Bolivia;AMÉRICA DO SUL;https://a.imagem.app/BR9x2P.png;https://a.imagem.app/ohA4Am.png;
206;Club Aurora;Bolivia;AMÉRICA DO SUL;https://a.imagem.app/BR9Fy2.png;https://a.imagem.app/ohA4Am.png;
207;Club Blooming;Bolivia;AMÉRICA DO SUL;https://a.imagem.app/BR9T5l.png;https://a.imagem.app/ohA4Am.png;
208;Deportivo Guabirá;Bolivia;AMÉRICA DO SUL;https://a.imagem.app/BR9qVS.png;https://a.imagem.app/ohA4Am.png;
209;Real Santa Cruz;Bolivia;AMÉRICA DO SUL;https://a.imagem.app/BR9jGv.png;https://a.imagem.app/ohA4Am.png;
210;Independiente Petrolero;Bolivia;AMÉRICA DO SUL;https://a.imagem.app/BR9lxT.png;https://a.imagem.app/ohA4Am.png;
211;Nacional Potosi;Bolivia;AMÉRICA DO SUL;https://a.imagem.app/BR95Z3.png;https://a.imagem.app/ohA4Am.png;
212;Oriente Petrolero;Bolivia;AMÉRICA DO SUL;https://a.imagem.app/BR9c8Z.png;https://a.imagem.app/ohA4Am.png;
213;Real Tomayapo;Bolivia;AMÉRICA DO SUL;https://a.imagem.app/BR9rsi.png;https://a.imagem.app/ohA4Am.png;
214;Real Oruro;Bolivia;AMÉRICA DO SUL;https://a.imagem.app/BR9wt8.png;https://a.imagem.app/ohA4Am.png;
215;Universitario De Sucre;Bolivia;AMÉRICA DO SUL;https://a.imagem.app/BR9CyE.png;https://a.imagem.app/ohA4Am.png;
216;Universitario De Vinto;Bolivia;AMÉRICA DO SUL;https://a.imagem.app/BR9t7e.png;https://a.imagem.app/ohA4Am.png;
218;Monagas;Venezuela;AMÉRICA DO SUL;https://a.imagem.app/ohAN4t.png;https://a.imagem.app/ohAWS0.png;
219;Zamora;Venezuela;AMÉRICA DO SUL;https://a.imagem.app/ohApTy.png;https://a.imagem.app/ohAWS0.png;
220;Deportivo Tachira;Venezuela;AMÉRICA DO SUL;https://a.imagem.app/ohb8dr.png;https://a.imagem.app/ohAWS0.png;
221;Puerto Cabello;Venezuela;AMÉRICA DO SUL;https://a.imagem.app/3tRmv8.png;https://a.imagem.app/ohAWS0.png;
222;Carabobo;Venezuela;AMÉRICA DO SUL;https://a.imagem.app/BtQYFa.png;https://a.imagem.app/ohAWS0.png;
223;Metropolitanos Fc;Venezuela;AMÉRICA DO SUL;https://a.imagem.app/BdrBa8.png;https://a.imagem.app/ohAWS0.png;
224;Estudiantes De Mérida;Venezuela;AMÉRICA DO SUL;https://a.imagem.app/BdrHkE.png;https://a.imagem.app/ohAWS0.png;
225;Universidad Central;Venezuela;AMÉRICA DO SUL;https://a.imagem.app/BdrSje.png;https://a.imagem.app/ohAWS0.png;
226;Deportivo La Guaira;Venezuela;AMÉRICA DO SUL;https://a.imagem.app/BdrhgN.png;https://a.imagem.app/ohAWS0.png;
227;Caracas;Venezuela;AMÉRICA DO SUL;https://a.imagem.app/Bdrz3C.png;https://a.imagem.app/ohAWS0.png;
229;Universitario;Peru;AMÉRICA DO SUL;https://a.imagem.app/ohbo1P.png;https://a.imagem.app/ohb3ul.png;
230;Sporting Cristal;Peru;AMÉRICA DO SUL;https://a.imagem.app/ohbBNS.png;https://a.imagem.app/ohb3ul.png;
231;Alianza Lima;Peru;AMÉRICA DO SUL;https://a.imagem.app/ohbHYv.png;https://a.imagem.app/ohb3ul.png;
232;Melgar;Peru;AMÉRICA DO SUL;https://a.imagem.app/3tRv3E.png;https://a.imagem.app/ohb3ul.png;
233;Sport Boys;Peru;AMÉRICA DO SUL;https://a.imagem.app/ohbScT.png;https://a.imagem.app/ohb3ul.png;
234;Alianza Atlético Sullana;Peru;AMÉRICA DO SUL;https://a.imagem.app/BR9P9X.png;https://a.imagem.app/ohb3ul.png;
235;Alianza Universidad;Peru;AMÉRICA DO SUL;https://a.imagem.app/BR9U4b.png;https://a.imagem.app/ohb3ul.png;
236;Asociación Deportiva Tarma;Peru;AMÉRICA DO SUL;https://a.imagem.app/BR9fHQ.png;https://a.imagem.app/ohb3ul.png;
237;Atlético Grau;Peru;AMÉRICA DO SUL;https://a.imagem.app/BR9yT1.png;https://a.imagem.app/ohb3ul.png;
238;Ayacucho Fc;Peru;AMÉRICA DO SUL;https://a.imagem.app/BR9DZW.png;https://a.imagem.app/ohb3ul.png;
239;Comerciantes Unidos;Peru;AMÉRICA DO SUL;https://a.imagem.app/BR9OAt.png;https://a.imagem.app/ohb3ul.png;
240;Club Cienciano;Peru;AMÉRICA DO SUL;https://a.imagem.app/BR9W10.png;https://a.imagem.app/ohb3ul.png;
241;Cusco;Peru;AMÉRICA DO SUL;https://a.imagem.app/BR9pty.png;https://a.imagem.app/ohb3ul.png;
242;Deportivo Binacional;Peru;AMÉRICA DO SUL;https://a.imagem.app/BRc8Dr.png;https://a.imagem.app/ohb3ul.png;
243;Los Chankas;Peru;AMÉRICA DO SUL;https://a.imagem.app/BRcbY2.png;https://a.imagem.app/ohb3ul.png;
244;Sport Huancayo;Peru;AMÉRICA DO SUL;https://a.imagem.app/BRco9P.png;https://a.imagem.app/ohb3ul.png;
245;Universidad Técnica De Cajamarca;Peru;AMÉRICA DO SUL;https://a.imagem.app/BRc34l.png;https://a.imagem.app/ohb3ul.png;
246;Deportivo Garcilaso;Peru;AMÉRICA DO SUL;https://a.imagem.app/BRcGSS.png;https://a.imagem.app/ohb3ul.png;
248;Aucas;Equador;AMÉRICA DO SUL;https://a.imagem.app/ohb1nY.png;https://a.imagem.app/ohb6ca.png;
249;Independiente Del Valle;Equador;AMÉRICA DO SUL;https://a.imagem.app/ohbiP9.png;https://a.imagem.app/ohb6ca.png;
250;CD Universidad Católica;Equador;AMÉRICA DO SUL;https://a.imagem.app/okkUe0.png;https://a.imagem.app/ohb6ca.png;
251;LDU;Equador;AMÉRICA DO SUL;https://a.imagem.app/oP4Tt3.png;https://a.imagem.app/ohb6ca.png;
252;Barcelona SC;Equador;AMÉRICA DO SUL;https://a.imagem.app/3tRZkZ.png;https://a.imagem.app/ohb6ca.png;
253;Cd El Nacional;Equador;AMÉRICA DO SUL;https://a.imagem.app/BRckb3.png;https://a.imagem.app/ohb6ca.png;
254;Cd Macará;Equador;AMÉRICA DO SUL;https://a.imagem.app/BRcSdT.png;https://a.imagem.app/ohb6ca.png;
255;Cumbayá Fc;Equador;AMÉRICA DO SUL;https://a.imagem.app/BRcz1Z.png;https://a.imagem.app/ohb6ca.png;
256;Delfín;Equador;AMÉRICA DO SUL;https://a.imagem.app/BRc2ui.png;https://a.imagem.app/ohb6ca.png;
257;Deportivo Cuenca;Equador;AMÉRICA DO SUL;https://a.imagem.app/BRc7N8.png;https://a.imagem.app/ohb6ca.png;
258;Emelec;Equador;AMÉRICA DO SUL;https://a.imagem.app/BRcnYE.png;https://a.imagem.app/ohb6ca.png;
259;Gualaceo Sc;Equador;AMÉRICA DO SUL;https://a.imagem.app/BRc0ce.png;https://a.imagem.app/ohb6ca.png;
260;Guayaquil City;Equador;AMÉRICA DO SUL;https://a.imagem.app/BRcK4N.png;https://a.imagem.app/ohb6ca.png;
261;Imbabura Sc;Equador;AMÉRICA DO SUL;https://a.imagem.app/BRcsSC.png;https://a.imagem.app/ohb6ca.png;
262;Libertad Fc;Equador;AMÉRICA DO SUL;https://a.imagem.app/BRc1qY.png;https://a.imagem.app/ohb6ca.png;
263;Manta Fc;Equador;AMÉRICA DO SUL;https://a.imagem.app/BRc6da.png;https://a.imagem.app/ohb6ca.png;
264;Mushuc Runa;Equador;AMÉRICA DO SUL;https://a.imagem.app/BRcFb9.png;https://a.imagem.app/ohb6ca.png;
265;Orense Sc;Equador;AMÉRICA DO SUL;https://a.imagem.app/BRcX6k.png;https://a.imagem.app/ohb6ca.png;
266;Técnico Universitario;Equador;AMÉRICA DO SUL;https://a.imagem.app/BRcxuV.png;https://a.imagem.app/ohb6ca.png;
267;Vinotinto Fc;Equador;AMÉRICA DO SUL;https://a.imagem.app/BRcTNJ.png;https://a.imagem.app/ohb6ca.png;
269;Plymouth Argyle;INGLATERRA;EUROPA;https://a.imagem.app/opRZZE.png;https://a.imagem.app/oSg5oV.png;
270;West Bromwich Albion;INGLATERRA;EUROPA;https://a.imagem.app/oSmltP.png;https://a.imagem.app/oSg5oV.png;
271;Watford;INGLATERRA;EUROPA;https://a.imagem.app/oSm5Dl.png;https://a.imagem.app/oSg5oV.png;
272;Swansea City;INGLATERRA;EUROPA;https://a.imagem.app/oSmcYS.png;https://a.imagem.app/oSg5oV.png;
273;Sunderland;INGLATERRA;EUROPA;https://a.imagem.app/oSmr9v.png;https://a.imagem.app/oSg5oV.png;
274;Stoke City;INGLATERRA;EUROPA;https://a.imagem.app/oSmw4T.png;https://a.imagem.app/oSg5oV.png;
275;Sheffield United;INGLATERRA;EUROPA;https://a.imagem.app/oSmLS3.png;https://a.imagem.app/oSg5oV.png;
276;Rotherham United;INGLATERRA;EUROPA;https://a.imagem.app/oSmtTZ.png;https://a.imagem.app/oSg5oV.png;
277;Ipswich Town FC;INGLATERRA;EUROPA;https://a.imagem.app/opRRT8.png;https://a.imagem.app/oSg5oV.png;
278;Queen'S Park Rangers;INGLATERRA;EUROPA;https://a.imagem.app/oSmIb8.png;https://a.imagem.app/oSg5oV.png;
279;Preston North End;INGLATERRA;EUROPA;https://a.imagem.app/oSmQ1E.png;https://a.imagem.app/oSg5oV.png;
280;Norwich City;INGLATERRA;EUROPA;https://a.imagem.app/oSmRue.png;https://a.imagem.app/oSg5oV.png;
281;Millwall;INGLATERRA;EUROPA;https://a.imagem.app/oSmZDN.png;https://a.imagem.app/oSg5oV.png;
282;Middlesbrough;INGLATERRA;EUROPA;https://a.imagem.app/oSmmYC.png;https://a.imagem.app/oSg5oV.png;
283;Luton Town;INGLATERRA;EUROPA;https://a.imagem.app/oSmgcY.png;https://a.imagem.app/oSg5oV.png;
284;Hull City;INGLATERRA;EUROPA;https://a.imagem.app/oSmv4a.png;https://a.imagem.app/oSg5oV.png;
285;Huddersfield Town;INGLATERRA;EUROPA;https://a.imagem.app/oSmVS9.png;https://a.imagem.app/oSg5oV.png;
286;Coventry City;INGLATERRA;EUROPA;https://a.imagem.app/oSm4qk.png;https://a.imagem.app/oSg5oV.png;
287;Cardiff City;INGLATERRA;EUROPA;https://a.imagem.app/oSmPdV.png;https://a.imagem.app/oSg5oV.png;
288;Burnley;INGLATERRA;EUROPA;https://a.imagem.app/oSmabJ.png;https://a.imagem.app/oSg5oV.png;
289;Bristol City;INGLATERRA;EUROPA;https://a.imagem.app/oSmf6G.png;https://a.imagem.app/oSg5oV.png;
290;Sheffield Wednesday;INGLATERRA;EUROPA;https://a.imagem.app/opRmAe.png;https://a.imagem.app/oSg5oV.png;
291;Blackburn Rovers;INGLATERRA;EUROPA;https://a.imagem.app/oSmDNX.png;https://a.imagem.app/oSg5oV.png;
292;Birmingham City;INGLATERRA;EUROPA;https://a.imagem.app/oSmOnb.png;https://a.imagem.app/oSg5oV.png;
293;Leicester City;INGLATERRA;EUROPA;https://a.imagem.app/oSmWcQ.png;https://a.imagem.app/oSg5oV.png;
294;Manchester United;INGLATERRA;EUROPA;https://a.imagem.app/oSmpP1.png;https://a.imagem.app/oSg5oV.png;
295;Southampton;INGLATERRA;EUROPA;https://a.imagem.app/oSgASW.png;https://a.imagem.app/oSg5oV.png;
296;Fulham;INGLATERRA;EUROPA;https://a.imagem.app/oSgbqt.png;https://a.imagem.app/oSg5oV.png;
297;Chelsea;INGLATERRA;EUROPA;https://a.imagem.app/oSgom0.png;https://a.imagem.app/oSg5oV.png;
298;Tottenham Hotspur;INGLATERRA;EUROPA;https://a.imagem.app/oSgBby.png;https://a.imagem.app/oSg5oV.png;
299;Everton;INGLATERRA;EUROPA;https://a.imagem.app/oSgG6r.png;https://a.imagem.app/oSg5oV.png;
300;Wolverhampton;INGLATERRA;EUROPA;https://a.imagem.app/oSgHE2.png;https://a.imagem.app/oSg5oV.png;
301;Newcastle;INGLATERRA;EUROPA;https://a.imagem.app/oSgSNP.png;https://a.imagem.app/oSg5oV.png;
302;Liverpool;INGLATERRA;EUROPA;https://a.imagem.app/oSgknl.png;https://a.imagem.app/oSg5oV.png;
303;Aston Villa;INGLATERRA;EUROPA;https://a.imagem.app/oSgzrS.png;https://a.imagem.app/oSg5oV.png;
304;Leeds United;INGLATERRA;EUROPA;https://a.imagem.app/oSg2Pv.png;https://a.imagem.app/oSg5oV.png;
305;Bournemouth;INGLATERRA;EUROPA;https://a.imagem.app/oSgYhT.png;https://a.imagem.app/oSg5oV.png;
306;West Ham United;INGLATERRA;EUROPA;https://a.imagem.app/oSgnJ3.png;https://a.imagem.app/oSg5oV.png;
307;Manchester City;INGLATERRA;EUROPA;https://a.imagem.app/oSg0mZ.png;https://a.imagem.app/oSg5oV.png;
308;Crystal Palace;INGLATERRA;EUROPA;https://a.imagem.app/oSgeoi.png;https://a.imagem.app/oSg5oV.png;
309;Nottingham Forest;INGLATERRA;EUROPA;https://a.imagem.app/oSgsi8.png;https://a.imagem.app/oSg5oV.png;
310;Brighton & Hove Albion;INGLATERRA;EUROPA;https://a.imagem.app/oSg1EE.png;https://a.imagem.app/oSg5oV.png;
311;Brentford;INGLATERRA;EUROPA;https://a.imagem.app/oSg6Oe.png;https://a.imagem.app/oSg5oV.png;
312;Arsenal;INGLATERRA;EUROPA;https://a.imagem.app/oSgFnN.png;https://a.imagem.app/oSg5oV.png;
313;Derby County;INGLATERRA;EUROPA;https://a.imagem.app/BQm9NC.png;https://a.imagem.app/oSg5oV.png;
314;Oxford United;INGLATERRA;EUROPA;https://a.imagem.app/BQml6e.png;https://a.imagem.app/oSg5oV.png;
315;Portsmouth;INGLATERRA;EUROPA;https://a.imagem.app/BQm5uN.png;https://a.imagem.app/oSg5oV.png;
316;ITÁLIA;ITÁLIA;EUROPA;;https://a.imagem.app/oSv9MT.png;
317;Venezia;ITÁLIA;EUROPA;https://a.imagem.app/oSgZ30.png;https://a.imagem.app/oSv9MT.png;
318;Ternana;ITÁLIA;EUROPA;https://a.imagem.app/oSgQgt.png;https://a.imagem.app/oSv9MT.png;
319;Südtirol;ITÁLIA;EUROPA;https://a.imagem.app/oSgdiy.png;https://a.imagem.app/oSv9MT.png;
320;Catanzaro;ITÁLIA;EUROPA;https://a.imagem.app/opZGS0.png;https://a.imagem.app/oSv9MT.png;
321;Reggiana;ITÁLIA;EUROPA;https://a.imagem.app/opZ34t.png;https://a.imagem.app/oSv9MT.png;
322;Pisa;ITÁLIA;EUROPA;https://a.imagem.app/oSgM0P.png;https://a.imagem.app/oSv9MT.png;
323;Lecco;ITÁLIA;EUROPA;https://a.imagem.app/opZHTy.png;https://a.imagem.app/oSv9MT.png;
324;Palermo;ITÁLIA;EUROPA;https://a.imagem.app/oSg4aS.png;https://a.imagem.app/oSv9MT.png;
325;Parma;ITÁLIA;EUROPA;https://a.imagem.app/oSgUkv.png;https://a.imagem.app/oSv9MT.png;
326;Modena;ITÁLIA;EUROPA;https://a.imagem.app/oSgajT.png;https://a.imagem.app/oSv9MT.png;
327;Genoa;ITÁLIA;EUROPA;https://a.imagem.app/oSgfv3.png;https://a.imagem.app/oSv9MT.png;
328;Frosinone;ITÁLIA;EUROPA;https://a.imagem.app/oSgD3Z.png;https://a.imagem.app/oSv9MT.png;
329;Cosenza;ITÁLIA;EUROPA;https://a.imagem.app/oSgNFi.png;https://a.imagem.app/oSv9MT.png;
330;Como 1907;ITÁLIA;EUROPA;https://a.imagem.app/oSgOQ8.png;https://a.imagem.app/oSv9MT.png;
331;Cittadella;ITÁLIA;EUROPA;https://a.imagem.app/oSgWWE.png;https://a.imagem.app/oSv9MT.png;
332;Cagliari;ITÁLIA;EUROPA;https://a.imagem.app/oSv8Ke.png;https://a.imagem.app/oSv9MT.png;
333;Brescia;ITÁLIA;EUROPA;https://a.imagem.app/oSvAwN.png;https://a.imagem.app/oSv9MT.png;
334;Feralpisalò;ITÁLIA;EUROPA;https://a.imagem.app/opZSdr.png;https://a.imagem.app/oSv9MT.png;
335;Bari;ITÁLIA;EUROPA;https://a.imagem.app/oSv3zY.png;https://a.imagem.app/oSv9MT.png;
336;Ascoli;ITÁLIA;EUROPA;https://a.imagem.app/oSvBja.png;https://a.imagem.app/oSv9MT.png;
337;Udinese;ITÁLIA;EUROPA;https://a.imagem.app/oSvGv9.png;https://a.imagem.app/oSv9MT.png;
338;Torino;ITÁLIA;EUROPA;https://a.imagem.app/oSvSBk.png;https://a.imagem.app/oSv9MT.png;
339;Spezia;ITÁLIA;EUROPA;https://a.imagem.app/oSvhFV.png;https://a.imagem.app/oSv9MT.png;
340;Sassuolo;ITÁLIA;EUROPA;https://a.imagem.app/oSvkQJ.png;https://a.imagem.app/oSv9MT.png;
341;Sampdoria;ITÁLIA;EUROPA;https://a.imagem.app/oSvzpG.png;https://a.imagem.app/oSv9MT.png;
342;Salernitana;ITÁLIA;EUROPA;https://a.imagem.app/oSv7Km.png;https://a.imagem.app/oSv9MT.png;
343;Roma;ITÁLIA;EUROPA;https://a.imagem.app/oSvYCX.png;https://a.imagem.app/oSv9MT.png;
344;Napoli;ITÁLIA;EUROPA;https://a.imagem.app/oSvnfb.png;https://a.imagem.app/oSv9MT.png;
345;Monza;ITÁLIA;EUROPA;https://a.imagem.app/oSvKzQ.png;https://a.imagem.app/oSv9MT.png;
346;Milan;ITÁLIA;EUROPA;https://a.imagem.app/oSvel1.png;https://a.imagem.app/oSv9MT.png;
347;Lecce;ITÁLIA;EUROPA;https://a.imagem.app/oSvsvW.png;https://a.imagem.app/oSv9MT.png;
348;Lazio;ITÁLIA;EUROPA;https://a.imagem.app/oSv6Bt.png;https://a.imagem.app/oSv9MT.png;
349;Juventus;ITÁLIA;EUROPA;https://a.imagem.app/oSviX0.png;https://a.imagem.app/oSv9MT.png;
350;Internazionale;ITÁLIA;EUROPA;https://a.imagem.app/oSvFQy.png;https://a.imagem.app/oSv9MT.png;
351;Hellas Verona;ITÁLIA;EUROPA;https://a.imagem.app/oSvXpr.png;https://a.imagem.app/oSv9MT.png;
352;Fiorentina;ITÁLIA;EUROPA;https://a.imagem.app/oSvTe2.png;https://a.imagem.app/oSv9MT.png;
353;Empoli;ITÁLIA;EUROPA;https://a.imagem.app/oSvqCP.png;https://a.imagem.app/oSv9MT.png;
354;Cremonese;ITÁLIA;EUROPA;https://a.imagem.app/oSvJfl.png;https://a.imagem.app/oSv9MT.png;
355;Bologna;ITÁLIA;EUROPA;https://a.imagem.app/oSvl2S.png;https://a.imagem.app/oSv9MT.png;
356;Atalanta;ITÁLIA;EUROPA;https://a.imagem.app/oSv5lv.png;https://a.imagem.app/oSv9MT.png;
358;Villarreal B;ESPANHA;EUROPA;https://a.imagem.app/oSvELe.png;https://a.imagem.app/oSMw4Q.png;
359;Zaragoza;ESPANHA;EUROPA;https://a.imagem.app/oSvueE.png;https://a.imagem.app/oSMw4Q.png;
360;Tenerife;ESPANHA;EUROPA;https://a.imagem.app/oSvIfN.png;https://a.imagem.app/oSMw4Q.png;
361;Amorebieta;ESPANHA;EUROPA;https://a.imagem.app/opZCoG.png;https://a.imagem.app/oSMw4Q.png;
362;Sporting Gijón;ESPANHA;EUROPA;https://a.imagem.app/oSvZ5Y.png;https://a.imagem.app/oSMw4Q.png;
363;Racing Club Santander;ESPANHA;EUROPA;https://a.imagem.app/oSvdMa.png;https://a.imagem.app/oSMw4Q.png;
364;Real Oviedo;ESPANHA;EUROPA;https://a.imagem.app/oSvgG9.png;https://a.imagem.app/oSMw4Q.png;
365;Mirandés;ESPANHA;EUROPA;https://a.imagem.app/oSvvxk.png;https://a.imagem.app/oSMw4Q.png;
366;Alcorcón;ESPANHA;EUROPA;https://a.imagem.app/opZrmJ.png;https://a.imagem.app/oSMw4Q.png;
367;Racing De Ferrol;ESPANHA;EUROPA;https://a.imagem.app/opZL6m.png;https://a.imagem.app/oSMw4Q.png;
368;Levante;ESPANHA;EUROPA;https://a.imagem.app/oSvPsG.png;https://a.imagem.app/oSMw4Q.png;
369;Leganés;ESPANHA;EUROPA;https://a.imagem.app/oSvULm.png;https://a.imagem.app/oSMw4Q.png;
370;Las Palmas;ESPANHA;EUROPA;https://a.imagem.app/oSvayX.png;https://a.imagem.app/oSMw4Q.png;
371;Eldense;ESPANHA;EUROPA;https://a.imagem.app/opZtEX.png;https://a.imagem.app/oSMw4Q.png;
372;Huesca;ESPANHA;EUROPA;https://a.imagem.app/oSvD5Q.png;https://a.imagem.app/oSMw4Q.png;
373;Granada;ESPANHA;EUROPA;https://a.imagem.app/oSvNV1.png;https://a.imagem.app/oSMw4Q.png;
374;Eibar;ESPANHA;EUROPA;https://a.imagem.app/oSvWGW.png;https://a.imagem.app/oSMw4Q.png;
375;Cartagena;ESPANHA;EUROPA;https://a.imagem.app/oSvpxt.png;https://a.imagem.app/oSMw4Q.png;
376;Burgos;ESPANHA;EUROPA;https://a.imagem.app/oSM8Z0.png;https://a.imagem.app/oSMw4Q.png;
377;Albacete Balompié;ESPANHA;EUROPA;https://a.imagem.app/oSMb8y.png;https://a.imagem.app/oSMw4Q.png;
378;Deportivo Alavés;ESPANHA;EUROPA;https://a.imagem.app/oSMosr.png;https://a.imagem.app/oSMw4Q.png;
379;Andorra;ESPANHA;EUROPA;https://a.imagem.app/oSM3t2.png;https://a.imagem.app/oSMw4Q.png;
380;Villarreal;ESPANHA;EUROPA;https://a.imagem.app/oSMByP.png;https://a.imagem.app/oSMw4Q.png;
381;Valencia;ESPANHA;EUROPA;https://a.imagem.app/oSMH7l.png;https://a.imagem.app/oSMw4Q.png;
382;Sevilla;ESPANHA;EUROPA;https://a.imagem.app/oSMS9S.png;https://a.imagem.app/oSMw4Q.png;
383;Real Valladolid;ESPANHA;EUROPA;https://a.imagem.app/oSMhVv.png;https://a.imagem.app/oSMw4Q.png;
384;Real Sociedad;ESPANHA;EUROPA;https://a.imagem.app/oSMzHT.png;https://a.imagem.app/oSMw4Q.png;
385;Real Madrid;ESPANHA;EUROPA;https://a.imagem.app/oSM2T3.png;https://a.imagem.app/oSMw4Q.png;
386;Rayo Vallecano;ESPANHA;EUROPA;https://a.imagem.app/oSM7ZZ.png;https://a.imagem.app/oSMw4Q.png;
387;Osasuna;ESPANHA;EUROPA;https://a.imagem.app/oSMnAi.png;https://a.imagem.app/oSMw4Q.png;
388;Mallorca;ESPANHA;EUROPA;https://a.imagem.app/oSM018.png;https://a.imagem.app/oSMw4Q.png;
389;Girona;ESPANHA;EUROPA;https://a.imagem.app/oSMKtE.png;https://a.imagem.app/oSMw4Q.png;
390;Getafe;ESPANHA;EUROPA;https://a.imagem.app/oSMeDe.png;https://a.imagem.app/oSMw4Q.png;
391;Espanyol;ESPANHA;EUROPA;https://a.imagem.app/oSM69C.png;https://a.imagem.app/oSMw4Q.png;
392;Elche;ESPANHA;EUROPA;https://a.imagem.app/oSMi4Y.png;https://a.imagem.app/oSMw4Q.png;
393;Celta De Vigo;ESPANHA;EUROPA;https://a.imagem.app/oSMXHa.png;https://a.imagem.app/oSMw4Q.png;
394;Cádiz;ESPANHA;EUROPA;https://a.imagem.app/oSMxT9.png;https://a.imagem.app/oSMw4Q.png;
395;Real Betis;ESPANHA;EUROPA;https://a.imagem.app/oSMTdk.png;https://a.imagem.app/oSMw4Q.png;
396;Barcelona;ESPANHA;EUROPA;https://a.imagem.app/oSMJAV.png;https://a.imagem.app/oSMw4Q.png;
397;Atlético De Madrid;ESPANHA;EUROPA;https://a.imagem.app/oSMj1J.png;https://a.imagem.app/oSMw4Q.png;
398;Athletic Club Bilbao;ESPANHA;EUROPA;https://a.imagem.app/oSMluG.png;https://a.imagem.app/oSMw4Q.png;
399;Almería;ESPANHA;EUROPA;https://a.imagem.app/oSM5Dm.png;https://a.imagem.app/oSMw4Q.png;
401;Valenciennes;FRANÇA;EUROPA;https://a.imagem.app/oSMabZ.png;https://a.imagem.app/oSVQga.png;
402;Us Quevilly-Rouen;FRANÇA;EUROPA;https://a.imagem.app/oSMPm3.png;https://a.imagem.app/oSVQga.png;
403;Stade Lavallois;FRANÇA;EUROPA;https://a.imagem.app/oSMf6i.png;https://a.imagem.app/oSVQga.png;
404;Sochaux;FRANÇA;EUROPA;https://a.imagem.app/oSMyE8.png;https://a.imagem.app/oSVQga.png;
405;Saint-Étienne;FRANÇA;EUROPA;https://a.imagem.app/oSMDNE.png;https://a.imagem.app/oSVQga.png;
406;Rodez;FRANÇA;EUROPA;https://a.imagem.app/oSMOne.png;https://a.imagem.app/oSVQga.png;
407;Pau;FRANÇA;EUROPA;https://a.imagem.app/oSMWcN.png;https://a.imagem.app/oSVQga.png;
408;Paris FC;FRANÇA;EUROPA;https://a.imagem.app/oSMpPC.png;https://a.imagem.app/oSVQga.png;
409;Niort;FRANÇA;EUROPA;https://a.imagem.app/oSVAhY.png;https://a.imagem.app/oSVQga.png;
410;Nîmes;FRANÇA;EUROPA;https://a.imagem.app/oSVbqa.png;https://a.imagem.app/oSVQga.png;
411;Metz;FRANÇA;EUROPA;https://a.imagem.app/oSVom9.png;https://a.imagem.app/oSVQga.png;
412;Le Havre;FRANÇA;EUROPA;https://a.imagem.app/oSVBok.png;https://a.imagem.app/oSVQga.png;
413;Guingamp;FRANÇA;EUROPA;https://a.imagem.app/oSVG6V.png;https://a.imagem.app/oSVQga.png;
414;Grenoble Foot 38;FRANÇA;EUROPA;https://a.imagem.app/oSVHEJ.png;https://a.imagem.app/oSVQga.png;
415;Dijon;FRANÇA;EUROPA;https://a.imagem.app/oSVSOG.png;https://a.imagem.app/oSVQga.png;
416;Caen;FRANÇA;EUROPA;https://a.imagem.app/oSVknm.png;https://a.imagem.app/oSVQga.png;
417;Bordeaux;FRANÇA;EUROPA;https://a.imagem.app/oSVzrX.png;https://a.imagem.app/oSVQga.png;
418;Sporting Bastia;FRANÇA;EUROPA;https://a.imagem.app/oSV2Ub.png;https://a.imagem.app/oSVQga.png;
419;Annecy;FRANÇA;EUROPA;https://a.imagem.app/oSVYhQ.png;https://a.imagem.app/oSVQga.png;
420;Amiens;FRANÇA;EUROPA;https://a.imagem.app/oSVnJ1.png;https://a.imagem.app/oSVQga.png;
421;Troyes;FRANÇA;EUROPA;https://a.imagem.app/oSV0mW.png;https://a.imagem.app/oSVQga.png;
422;Toulouse;FRANÇA;EUROPA;https://a.imagem.app/oSVeot.png;https://a.imagem.app/oSVQga.png;
423;Strasbourg;FRANÇA;EUROPA;https://a.imagem.app/oSVsi0.png;https://a.imagem.app/oSVQga.png;
424;Stade De Reims;FRANÇA;EUROPA;https://a.imagem.app/oSV1Ey.png;https://a.imagem.app/oSVQga.png;
425;Stade Rennais;FRANÇA;EUROPA;https://a.imagem.app/oSV6Or.png;https://a.imagem.app/oSVQga.png;
426;Racing Club De Lens;FRANÇA;EUROPA;https://a.imagem.app/oSVF02.png;https://a.imagem.app/oSVQga.png;
427;Psg;FRANÇA;EUROPA;https://a.imagem.app/oSVXrP.png;https://a.imagem.app/oSVQga.png;
428;Olympique Marseille;FRANÇA;EUROPA;https://a.imagem.app/oSVxUl.png;https://a.imagem.app/oSVQga.png;
429;Olympique Lyonnais;FRANÇA;EUROPA;https://a.imagem.app/oSVqkS.png;https://a.imagem.app/oSVQga.png;
430;Nice;FRANÇA;EUROPA;https://a.imagem.app/oSVJJv.png;https://a.imagem.app/oSVQga.png;
431;Nantes;FRANÇA;EUROPA;https://a.imagem.app/oSVjgT.png;https://a.imagem.app/oSVQga.png;
432;Montpellier;FRANÇA;EUROPA;https://a.imagem.app/oSV533.png;https://a.imagem.app/oSVQga.png;
433;Monaco;FRANÇA;EUROPA;https://a.imagem.app/oSV9iZ.png;https://a.imagem.app/oSVQga.png;
434;Lorient;FRANÇA;EUROPA;https://a.imagem.app/oSVcIi.png;https://a.imagem.app/oSVQga.png;
435;Losc Lille;FRANÇA;EUROPA;https://a.imagem.app/oSVrW8.png;https://a.imagem.app/oSVQga.png;
436;Clermont;FRANÇA;EUROPA;https://a.imagem.app/oSVC0E.png;https://a.imagem.app/oSVQga.png;
437;Stade Brestois 29;FRANÇA;EUROPA;https://a.imagem.app/oSVLwe.png;https://a.imagem.app/oSVQga.png;
438;Auxerre;FRANÇA;EUROPA;https://a.imagem.app/oSVtUN.png;https://a.imagem.app/oSVQga.png;
439;Angers;FRANÇA;EUROPA;https://a.imagem.app/oSVEkC.png;https://a.imagem.app/oSVQga.png;
440;Ajaccio;FRANÇA;EUROPA;https://a.imagem.app/oSVIjY.png;https://a.imagem.app/oSVQga.png;
442;Fortunasittard;HOLANDA;EUROPA;https://a.imagem.app/opZz1P.png;https://a.imagem.app/oSakQW.png;
443;Vitesse;HOLANDA;EUROPA;https://a.imagem.app/oSUVC8.png;https://a.imagem.app/oSakQW.png;
444;Utrecht;HOLANDA;EUROPA;https://a.imagem.app/oSU4aE.png;https://a.imagem.app/oSakQW.png;
445;Twente;HOLANDA;EUROPA;https://a.imagem.app/oSUUze.png;https://a.imagem.app/oSakQW.png;
446;Sparta Rotterdam;HOLANDA;EUROPA;https://a.imagem.app/oSUajN.png;https://a.imagem.app/oSakQW.png;
447;Rkc Waalwijk;HOLANDA;EUROPA;https://a.imagem.app/oSUfvC.png;https://a.imagem.app/oSakQW.png;
448;Psv;HOLANDA;EUROPA;https://a.imagem.app/oSUDBY.png;https://a.imagem.app/oSakQW.png;
449;Pec Zwolle;HOLANDA;EUROPA;https://a.imagem.app/oSUNFa.png;https://a.imagem.app/oSakQW.png;
450;Nijmegen;HOLANDA;EUROPA;https://a.imagem.app/oSUOQ9.png;https://a.imagem.app/oSakQW.png;
451;Heracles;HOLANDA;EUROPA;https://a.imagem.app/oSUWpk.png;https://a.imagem.app/oSakQW.png;
452;Heerenveen;HOLANDA;EUROPA;https://a.imagem.app/oSa8KV.png;https://a.imagem.app/oSakQW.png;
453;Excelsior;HOLANDA;EUROPA;https://a.imagem.app/opZkb2.png;https://a.imagem.app/oSakQW.png;
454;Go Ahead Eagles;HOLANDA;EUROPA;https://a.imagem.app/oSabfG.png;https://a.imagem.app/oSakQW.png;
455;Volendam;HOLANDA;EUROPA;https://a.imagem.app/opZ2ul.png;https://a.imagem.app/oSakQW.png;
456;Feyenoord;HOLANDA;EUROPA;https://a.imagem.app/oSaBlX.png;https://a.imagem.app/oSakQW.png;
457;Almere City;HOLANDA;EUROPA;https://a.imagem.app/opZ7NS.png;https://a.imagem.app/oSakQW.png;
458;Az;HOLANDA;EUROPA;https://a.imagem.app/oSaSBQ.png;https://a.imagem.app/oSakQW.png;
459;Willem II;HOLANDA;EUROPA;https://a.imagem.app/BsunvJ.png;https://a.imagem.app/oSakQW.png;
460;Ajax;HOLANDA;EUROPA;https://a.imagem.app/oSahX1.png;https://a.imagem.app/oSakQW.png;
462;Vizela;PORTUGAL;EUROPA;https://a.imagem.app/oSanfr.png;https://a.imagem.app/oSaELV.png;
463;Vitória Guimarães;PORTUGAL;EUROPA;https://a.imagem.app/oSaYCy.png;https://a.imagem.app/oSaELV.png;
464;Sporting;PORTUGAL;EUROPA;https://a.imagem.app/oSaK22.png;https://a.imagem.app/oSaELV.png;
465;Sporting Braga;PORTUGAL;EUROPA;https://a.imagem.app/oSaelP.png;https://a.imagem.app/oSaELV.png;
466;Estrela Amadora;PORTUGAL;EUROPA;https://a.imagem.app/opZKP3.png;https://a.imagem.app/oSaELV.png;
467;Rio Ave;PORTUGAL;EUROPA;https://a.imagem.app/oSa6GS.png;https://a.imagem.app/oSaELV.png;
468;Porto;PORTUGAL;EUROPA;https://a.imagem.app/oSaiXv.png;https://a.imagem.app/oSaELV.png;
469;Portimonense;PORTUGAL;EUROPA;https://a.imagem.app/oSaFRT.png;https://a.imagem.app/oSaELV.png;
470;Farense;PORTUGAL;EUROPA;https://a.imagem.app/opZsSZ.png;https://a.imagem.app/oSaELV.png;
471;Moreirense;PORTUGAL;EUROPA;https://a.imagem.app/opZ1qi.png;https://a.imagem.app/oSaELV.png;
472;Gil Vicente;PORTUGAL;EUROPA;https://a.imagem.app/oSaqLi.png;https://a.imagem.app/oSaELV.png;
473;Famalicão;PORTUGAL;EUROPA;https://a.imagem.app/oSaJy8.png;https://a.imagem.app/oSaELV.png;
474;Estoril Praia;PORTUGAL;EUROPA;https://a.imagem.app/oSal2E.png;https://a.imagem.app/oSaELV.png;
475;Chaves;PORTUGAL;EUROPA;https://a.imagem.app/oSa55e.png;https://a.imagem.app/oSaELV.png;
476;Casa Pia;PORTUGAL;EUROPA;https://a.imagem.app/oSa9MN.png;https://a.imagem.app/oSaELV.png;
477;Boavista;PORTUGAL;EUROPA;https://a.imagem.app/oSarGC.png;https://a.imagem.app/oSaELV.png;
478;Benfica;PORTUGAL;EUROPA;https://a.imagem.app/oSawxY.png;https://a.imagem.app/oSaELV.png;
479;Arouca;PORTUGAL;EUROPA;https://a.imagem.app/oSaCRa.png;https://a.imagem.app/oSaELV.png;
481;Wolfsburg;ALEMANHA;EUROPA;https://a.imagem.app/oSagHb.png;https://a.imagem.app/oSfHY8.png;
482;Werder Bremen;ALEMANHA;EUROPA;https://a.imagem.app/oSadVX.png;https://a.imagem.app/oSfHY8.png;
483;Union Berlim;ALEMANHA;EUROPA;https://a.imagem.app/oSavxQ.png;https://a.imagem.app/oSfHY8.png;
484;VFB Stuttgart;ALEMANHA;EUROPA;https://a.imagem.app/oSaMZ1.png;https://a.imagem.app/oSfHY8.png;
485;St. Pauli;ALEMANHA;EUROPA;https://a.imagem.app/BQmMPW.png;https://a.imagem.app/oSfHY8.png;
486;Rb Leipzig;ALEMANHA;EUROPA;https://a.imagem.app/oSaPst.png;https://a.imagem.app/oSfHY8.png;
487;Monchengladbach;ALEMANHA;EUROPA;https://a.imagem.app/oSaUt0.png;https://a.imagem.app/oSfHY8.png;
488;Mainz 05;ALEMANHA;EUROPA;https://a.imagem.app/oSaayy.png;https://a.imagem.app/oSfHY8.png;
489;Köln;ALEMANHA;EUROPA;https://a.imagem.app/oSay7r.png;https://a.imagem.app/oSfHY8.png;
490;Hoffenheim;ALEMANHA;EUROPA;https://a.imagem.app/oSaD92.png;https://a.imagem.app/oSfHY8.png;
491;Heidenheim 1846;ALEMANHA;EUROPA;https://a.imagem.app/opZX6e.png;https://a.imagem.app/oSfHY8.png;
492;Freiburg;ALEMANHA;EUROPA;https://a.imagem.app/oSaWHl.png;https://a.imagem.app/oSfHY8.png;
493;Eintrach Frankfurt;ALEMANHA;EUROPA;https://a.imagem.app/oSapTS.png;https://a.imagem.app/oSfHY8.png;
494;Borussia Dortmund;ALEMANHA;EUROPA;https://a.imagem.app/oSf8Zv.png;https://a.imagem.app/oSfHY8.png;
495;Hamburgo SV;ALEMANHA;EUROPA;https://a.imagem.app/BQmvr1.png;https://a.imagem.app/oSfHY8.png;
496;Bayern München;ALEMANHA;EUROPA;https://a.imagem.app/oSfo13.png;https://a.imagem.app/oSfHY8.png;
497;Bayer Leverkusen;ALEMANHA;EUROPA;https://a.imagem.app/oSf3tZ.png;https://a.imagem.app/oSfHY8.png;
498;Augsburg;ALEMANHA;EUROPA;https://a.imagem.app/oSfBDi.png;https://a.imagem.app/oSfHY8.png;
500;Zenit;RUSSIA;EUROPA;https://a.imagem.app/oSf5N0.png;https://a.imagem.app/oSf4qN.png;
501;Ural;RUSSIA;EUROPA;https://a.imagem.app/oSflut.png;https://a.imagem.app/oSf4qN.png;
502;Ufa;RUSSIA;EUROPA;https://a.imagem.app/oSfcYy.png;https://a.imagem.app/oSf4qN.png;
503;Spartak Moskva;RUSSIA;EUROPA;https://a.imagem.app/oSfrcr.png;https://a.imagem.app/oSf4qN.png;
504;Sochi;RUSSIA;EUROPA;https://a.imagem.app/oSfwP2.png;https://a.imagem.app/oSf4qN.png;
505;Samara;RUSSIA;EUROPA;https://a.imagem.app/oSfLSP.png;https://a.imagem.app/oSf4qN.png;
506;Rotor Volgograd;RUSSIA;EUROPA;https://a.imagem.app/oSftql.png;https://a.imagem.app/oSf4qN.png;
507;Rostov;RUSSIA;EUROPA;https://a.imagem.app/oSfumS.png;https://a.imagem.app/oSf4qN.png;
508;Orenburg;RUSSIA;EUROPA;https://a.imagem.app/oSfIbv.png;https://a.imagem.app/oSf4qN.png;
509;Lokomotiv Moskva;RUSSIA;EUROPA;https://a.imagem.app/oSfQ6T.png;https://a.imagem.app/oSf4qN.png;
510;Krasnodar;RUSSIA;EUROPA;https://a.imagem.app/oSfRE3.png;https://a.imagem.app/oSf4qN.png;
511;Rubin Kazan;RUSSIA;EUROPA;https://a.imagem.app/opZ9hk.png;https://a.imagem.app/oSf4qN.png;
512;Dinamo Moskva;RUSSIA;EUROPA;https://a.imagem.app/oSfmni.png;https://a.imagem.app/oSf4qN.png;
513;Cska Moskva;RUSSIA;EUROPA;https://a.imagem.app/oSfgr8.png;https://a.imagem.app/oSf4qN.png;
514;Arsenal Tula;RUSSIA;EUROPA;https://a.imagem.app/oSfvPE.png;https://a.imagem.app/oSf4qN.png;
515;Akhmat Grozny;RUSSIA;EUROPA;https://a.imagem.app/oSfVhe.png;https://a.imagem.app/oSf4qN.png;
517;St. Mirren;ESCOCIA;EUROPA;https://a.imagem.app/oSff6a.png;https://a.imagem.app/oSyHEW.png;
518;St. Johnstone;ESCOCIA;EUROPA;https://a.imagem.app/oSfaoY.png;https://a.imagem.app/oSyHEW.png;
519;Ross County;ESCOCIA;EUROPA;https://a.imagem.app/oSfyE9.png;https://a.imagem.app/oSyHEW.png;
520;Rangers;ESCOCIA;EUROPA;https://a.imagem.app/oSfDOk.png;https://a.imagem.app/oSyHEW.png;
521;Motherwell;ESCOCIA;EUROPA;https://a.imagem.app/oSfOnV.png;https://a.imagem.app/oSyHEW.png;
522;Livingston;ESCOCIA;EUROPA;https://a.imagem.app/oSfWrJ.png;https://a.imagem.app/oSyHEW.png;
523;Kilmarnock;ESCOCIA;EUROPA;https://a.imagem.app/oSfpUG.png;https://a.imagem.app/oSyHEW.png;
524;Hibernian;ESCOCIA;EUROPA;https://a.imagem.app/oSyAhm.png;https://a.imagem.app/oSyHEW.png;
525;Hamilton Academical;ESCOCIA;EUROPA;https://a.imagem.app/oSybJX.png;https://a.imagem.app/oSyHEW.png;
526;Dundee United;ESCOCIA;EUROPA;https://a.imagem.app/oSyogb.png;https://a.imagem.app/oSyHEW.png;
527;Celtic;ESCOCIA;EUROPA;https://a.imagem.app/oSyBoQ.png;https://a.imagem.app/oSyHEW.png;
528;Aberdeen;ESCOCIA;EUROPA;https://a.imagem.app/oSyGi1.png;https://a.imagem.app/oSyHEW.png;
530;Yeni Malatyaspor;TURQUIA;EUROPA;https://a.imagem.app/oSye3S.png;https://a.imagem.app/oSydFQ.png;
531;Trabzonspor;TURQUIA;EUROPA;https://a.imagem.app/oSysiv.png;https://a.imagem.app/oSydFQ.png;
532;Sivasspor;TURQUIA;EUROPA;https://a.imagem.app/oSy1IT.png;https://a.imagem.app/oSydFQ.png;
533;Rizespor;TURQUIA;EUROPA;https://a.imagem.app/oSy6W3.png;https://a.imagem.app/oSydFQ.png;
534;Konyaspor;TURQUIA;EUROPA;https://a.imagem.app/oSyF0Z.png;https://a.imagem.app/oSydFQ.png;
535;Kayserispor;TURQUIA;EUROPA;https://a.imagem.app/oSyXwi.png;https://a.imagem.app/oSydFQ.png;
536;Kasimpasa;TURQUIA;EUROPA;https://a.imagem.app/oSyxa8.png;https://a.imagem.app/oSydFQ.png;
537;Istanbul Basaksehir;TURQUIA;EUROPA;https://a.imagem.app/oSyqkE.png;https://a.imagem.app/oSydFQ.png;
538;Hatayspor;TURQUIA;EUROPA;https://a.imagem.app/oSyJje.png;https://a.imagem.app/oSydFQ.png;
539;Göztepe;TURQUIA;EUROPA;https://a.imagem.app/oSyjgN.png;https://a.imagem.app/oSydFQ.png;
540;Genclerbirligi;TURQUIA;EUROPA;https://a.imagem.app/oSy53C.png;https://a.imagem.app/oSydFQ.png;
541;Gaziantep Fk;TURQUIA;EUROPA;https://a.imagem.app/oSy9FY.png;https://a.imagem.app/oSydFQ.png;
542;Galatasaray;TURQUIA;EUROPA;https://a.imagem.app/oSycIa.png;https://a.imagem.app/oSydFQ.png;
543;Fenerbahce;TURQUIA;EUROPA;https://a.imagem.app/oSyrW9.png;https://a.imagem.app/oSydFQ.png;
544;Fatih Karagumruk;TURQUIA;EUROPA;https://a.imagem.app/oSyCKk.png;https://a.imagem.app/oSydFQ.png;
545;Denizlispor;TURQUIA;EUROPA;https://a.imagem.app/oSyLwV.png;https://a.imagem.app/oSydFQ.png;
546;Besiktas;TURQUIA;EUROPA;https://a.imagem.app/oSytaJ.png;https://a.imagem.app/oSydFQ.png;
547;Bb Erzurumspor;TURQUIA;EUROPA;https://a.imagem.app/oSyEzG.png;https://a.imagem.app/oSydFQ.png;
548;Antalyaspor;TURQUIA;EUROPA;https://a.imagem.app/oSyIjm.png;https://a.imagem.app/oSydFQ.png;
549;Ankaragucu;TURQUIA;EUROPA;https://a.imagem.app/oSyQvX.png;https://a.imagem.app/oSydFQ.png;
550;Alanyaspor;TURQUIA;EUROPA;https://a.imagem.app/oSyZBb.png;https://a.imagem.app/oSydFQ.png;
552;Zulte-Waregem;BELGICA;EUROPA;https://a.imagem.app/oSDGMe.png;https://a.imagem.app/oSDrGP.png;
553;Waasland-Beveren;BELGICA;EUROPA;https://a.imagem.app/oSDSBN.png;https://a.imagem.app/oSDrGP.png;
554;Standard Liège;BELGICA;EUROPA;https://a.imagem.app/oSDhXC.png;https://a.imagem.app/oSDrGP.png;
555;Sporting Charleroi;BELGICA;EUROPA;https://a.imagem.app/oSDkRY.png;https://a.imagem.app/oSDrGP.png;
556;Sint-Truiden;BELGICA;EUROPA;https://a.imagem.app/oSDzpa.png;https://a.imagem.app/oSDrGP.png;
557;RWD Molenbeek;BELGICA;EUROPA;https://a.imagem.app/opREVZ.png;https://a.imagem.app/oSDrGP.png;
558;Oh Leuven;BELGICA;EUROPA;https://a.imagem.app/oSDYLk.png;https://a.imagem.app/oSDrGP.png;
559;Mechelen;BELGICA;EUROPA;https://a.imagem.app/oSDnfV.png;https://a.imagem.app/oSDrGP.png;
560;Kv Oostende;BELGICA;EUROPA;https://a.imagem.app/oSDK2J.png;https://a.imagem.app/oSDrGP.png;
561;Kortrijk;BELGICA;EUROPA;https://a.imagem.app/oSDe5G.png;https://a.imagem.app/oSDrGP.png;
562;Kas Eupen;BELGICA;EUROPA;https://a.imagem.app/oSDsMm.png;https://a.imagem.app/oSDrGP.png;
563;Gent;BELGICA;EUROPA;https://a.imagem.app/oSD6GX.png;https://a.imagem.app/oSDrGP.png;
564;Genk;BELGICA;EUROPA;https://a.imagem.app/oSDixb.png;https://a.imagem.app/oSDrGP.png;
565;Club Brugge;BELGICA;EUROPA;https://a.imagem.app/oSDFRQ.png;https://a.imagem.app/oSDrGP.png;
566;Cercle Brugge;BELGICA;EUROPA;https://a.imagem.app/oSDx81.png;https://a.imagem.app/oSDrGP.png;
567;Beerschot;BELGICA;EUROPA;https://a.imagem.app/oSDTeW.png;https://a.imagem.app/oSDrGP.png;
568;Antwerp;BELGICA;EUROPA;https://a.imagem.app/oSDqLt.png;https://a.imagem.app/oSDrGP.png;
569;Anderlecht;BELGICA;EUROPA;https://a.imagem.app/oSDJy0.png;https://a.imagem.app/oSDrGP.png;
571;Randers;DINAMARCA;EUROPA;https://a.imagem.app/oSDR7i.png;https://a.imagem.app/ohBJoi.png;
572;Ob;DINAMARCA;EUROPA;https://a.imagem.app/oSDIyZ.png;https://a.imagem.app/ohBJoi.png;
573;Nordsjaelland;DINAMARCA;EUROPA;https://a.imagem.app/oSDZ98.png;https://a.imagem.app/ohBJoi.png;
574;Midtjylland;DINAMARCA;EUROPA;https://a.imagem.app/oSDy7V.png;https://a.imagem.app/ohBJoi.png;
575;Lyngby;DINAMARCA;EUROPA;https://a.imagem.app/oSDdVE.png;https://a.imagem.app/ohBJoi.png;
576;Kobenhavn;DINAMARCA;EUROPA;https://a.imagem.app/oSDgHe.png;https://a.imagem.app/ohBJoi.png;
577;Horsens;DINAMARCA;EUROPA;https://a.imagem.app/oSDvxN.png;https://a.imagem.app/ohBJoi.png;
578;Brondby;DINAMARCA;EUROPA;https://a.imagem.app/oSDMZC.png;https://a.imagem.app/ohBJoi.png;
579;Agf;DINAMARCA;EUROPA;https://a.imagem.app/oSD4AY.png;https://a.imagem.app/ohBJoi.png;
580;Aab;DINAMARCA;EUROPA;https://a.imagem.app/oSDPsa.png;https://a.imagem.app/ohBJoi.png;
581;Vejle;DINAMARCA;EUROPA;https://a.imagem.app/oSW28S.png;https://a.imagem.app/ohBJoi.png;
582;Auckland City;DINAMARCA;EUROPA;https://a.imagem.app/BsI2mJ.png;https://a.imagem.app/ohBJoi.png;
583;Sonderjyske;DINAMARCA;EUROPA;https://a.imagem.app/oSW7ev.png;https://a.imagem.app/ohBJoi.png;
585;Zürich;SUIÇA;EUROPA;https://a.imagem.app/oSOzwk.png;https://a.imagem.app/oSOxa0.png;
586;Young Boys;SUIÇA;EUROPA;https://a.imagem.app/oSO2UV.png;https://a.imagem.app/oSOxa0.png;
587;St. Gallen;SUIÇA;EUROPA;https://a.imagem.app/oSOYkJ.png;https://a.imagem.app/oSOxa0.png;
588;Sion;SUIÇA;EUROPA;https://a.imagem.app/oSOnjG.png;https://a.imagem.app/oSOxa0.png;
589;Servette;SUIÇA;EUROPA;https://a.imagem.app/oSO0gm.png;https://a.imagem.app/oSOxa0.png;
590;Luzern;SUIÇA;EUROPA;https://a.imagem.app/oSOe3X.png;https://a.imagem.app/oSOxa0.png;
591;Lugano;SUIÇA;EUROPA;https://a.imagem.app/oSOsFb.png;https://a.imagem.app/oSOxa0.png;
592;Lausanne Sport;SUIÇA;EUROPA;https://a.imagem.app/oSO1IQ.png;https://a.imagem.app/oSOxa0.png;
593;Grasshopper;SUIÇA;EUROPA;https://a.imagem.app/oSO6W1.png;https://a.imagem.app/oSOxa0.png;
594;Basel;SUIÇA;EUROPA;https://a.imagem.app/oSOF0W.png;https://a.imagem.app/oSOxa0.png;
596;Dinamo Zagreb;Croacia;EUROPA;https://a.imagem.app/ohop82.png;https://a.imagem.app/ohoEza.png;
598;Paok;Grécia;EUROPA;https://a.imagem.app/oh38eP.png;https://a.imagem.app/ohotfY.png;
599;Olympiakos;Grécia;EUROPA;https://a.imagem.app/oh3ALl.png;https://a.imagem.app/ohotfY.png;
600;AEK Athens;Grécia;EUROPA;https://a.imagem.app/oh3byS.png;https://a.imagem.app/ohotfY.png;
601;Panathinaikos;Grécia;EUROPA;https://a.imagem.app/oh3B5T.png;https://a.imagem.app/ohotfY.png;
603;Shakhtar Donetsk;Ucrânia;EUROPA;https://a.imagem.app/oh332v.png;https://a.imagem.app/ohoIl9.png;
604;Dynamo Kyiv;Ucrânia;EUROPA;https://a.imagem.app/oh3GV3.png;https://a.imagem.app/ohoIl9.png;
606;Slavia Praha;Rep. Checa;EUROPA;https://a.imagem.app/oh3SGZ.png;https://a.imagem.app/ohoQMk.png;
607;Sparta Praha;Rep. Checa;EUROPA;https://a.imagem.app/oh3hxi.png;https://a.imagem.app/ohoQMk.png;
609;FCSB;Romenia;EUROPA;https://a.imagem.app/oh328E.png;https://a.imagem.app/ohoZBV.png;
611;Malmô;Suecia;EUROPA;https://a.imagem.app/oh3kZ8.png;https://a.imagem.app/ohodXJ.png;
613;Ludogorets;Bulgária;EUROPA;https://a.imagem.app/oh37se.png;https://a.imagem.app/ohomRG.png;
614;THAILANDIA;THAILANDIA;;;https://a.imagem.app/oS6Bqr.png;
615;True Bangkok United;THAILANDIA;ÁSIA;https://a.imagem.app/oSeAci.png;https://a.imagem.app/oS6Bqr.png;
616;Trat;THAILANDIA;ÁSIA;https://a.imagem.app/oSebP8.png;https://a.imagem.app/oS6Bqr.png;
617;Suphanburi;THAILANDIA;ÁSIA;https://a.imagem.app/oSe3SE.png;https://a.imagem.app/oS6Bqr.png;
618;Sukhothai;THAILANDIA;ÁSIA;https://a.imagem.app/oSeBqe.png;https://a.imagem.app/oS6Bqr.png;
619;Scg Muangthong United;THAILANDIA;ÁSIA;https://a.imagem.app/oSeGdN.png;https://a.imagem.app/oS6Bqr.png;
620;Samut Prakan City;THAILANDIA;ÁSIA;https://a.imagem.app/oSeSbC.png;https://a.imagem.app/oS6Bqr.png;
621;Rayong Fc;THAILANDIA;ÁSIA;https://a.imagem.app/oSeh6Y.png;https://a.imagem.app/oS6Bqr.png;
622;Ratchaburi Mitrphol;THAILANDIA;ÁSIA;https://a.imagem.app/oSekua.png;https://a.imagem.app/oS6Bqr.png;
623;Ρt Prachuap;THAILANDIA;ÁSIA;https://a.imagem.app/oSezN9.png;https://a.imagem.app/oS6Bqr.png;
624;Port;THAILANDIA;ÁSIA;https://a.imagem.app/oSe7nk.png;https://a.imagem.app/oS6Bqr.png;
625;Police Tero;THAILANDIA;ÁSIA;https://a.imagem.app/oSeYcV.png;https://a.imagem.app/oS6Bqr.png;
626;Nakhonratchasima Mazda;THAILANDIA;ÁSIA;https://a.imagem.app/oSenPJ.png;https://a.imagem.app/oS6Bqr.png;
627;Chonburi;THAILANDIA;ÁSIA;https://a.imagem.app/oSeKhG.png;https://a.imagem.app/oS6Bqr.png;
628;Chiangrai United;THAILANDIA;ÁSIA;https://a.imagem.app/oSeeqm.png;https://a.imagem.app/oS6Bqr.png;
629;Buriram United;THAILANDIA;ÁSIA;https://a.imagem.app/oSesmX.png;https://a.imagem.app/oS6Bqr.png;
630;Bg Pathum United;THAILANDIA;ÁSIA;https://a.imagem.app/oSe6ob.png;https://a.imagem.app/oS6Bqr.png;
631;JAPÃO;JAPÃO;ÁSIA;;https://a.imagem.app/oS6bP0.png;
632;Yokohama F. Marinos;JAPÃO;ÁSIA;https://a.imagem.app/oSewiS.png;https://a.imagem.app/oS6bP0.png;
633;Yokohama Fc;JAPÃO;ÁSIA;https://a.imagem.app/oSerol.png;https://a.imagem.app/oS6bP0.png;
634;Vissel Kobe;JAPÃO;ÁSIA;https://a.imagem.app/oSeCEv.png;https://a.imagem.app/oS6bP0.png;
635;Urawa Red Diamonds;JAPÃO;ÁSIA;https://a.imagem.app/oSeLOT.png;https://a.imagem.app/oS6bP0.png;
636;F.C. Tokyo;JAPÃO;ÁSIA;https://a.imagem.app/oSeu03.png;https://a.imagem.app/oS6bP0.png;
637;Albirex Niigata;JAPÃO;ÁSIA;https://a.imagem.app/oSeErZ.png;https://a.imagem.app/oS6bP0.png;
638;Shonan Bellmare;JAPÃO;ÁSIA;https://a.imagem.app/oSeIUi.png;https://a.imagem.app/oS6bP0.png;
639;Sanfrecce Hiroshima;JAPÃO;ÁSIA;https://a.imagem.app/oSeRk8.png;https://a.imagem.app/oS6bP0.png;
640;Sagan Tosu;JAPÃO;ÁSIA;https://a.imagem.app/oSeZJE.png;https://a.imagem.app/oS6bP0.png;
641;Nagoya Grampus;JAPÃO;ÁSIA;https://a.imagem.app/oSedge.png;https://a.imagem.app/oS6bP0.png;
642;Kyoto Sanga;JAPÃO;ÁSIA;https://a.imagem.app/oSegoN.png;https://a.imagem.app/oS6bP0.png;
643;Kawasaki Frontale;JAPÃO;ÁSIA;https://a.imagem.app/oSeviC.png;https://a.imagem.app/oS6bP0.png;
644;Kashiwa Reysol;JAPÃO;ÁSIA;https://a.imagem.app/oSeMIY.png;https://a.imagem.app/oS6bP0.png;
645;Kashima Antlers;JAPÃO;ÁSIA;https://a.imagem.app/oSeVOa.png;https://a.imagem.app/oS6bP0.png;
646;Gamba Osaka;JAPÃO;ÁSIA;https://a.imagem.app/oSeP09.png;https://a.imagem.app/oS6bP0.png;
647;Consadole Sappore;JAPÃO;ÁSIA;https://a.imagem.app/oSeUwk.png;https://a.imagem.app/oS6bP0.png;
648;Cerezo Osaka;JAPÃO;ÁSIA;https://a.imagem.app/oSeaUV.png;https://a.imagem.app/oS6bP0.png;
649;Avispa Fukuoka;JAPÃO;ÁSIA;https://a.imagem.app/oSeykJ.png;https://a.imagem.app/oS6bP0.png;
650;Oita Trinita;JAPÃO;ÁSIA;https://a.imagem.app/oh8mQP.png;https://a.imagem.app/oS6bP0.png;
651;Matsumoto Yamaga;JAPÃO;ÁSIA;https://a.imagem.app/oh8gpl.png;https://a.imagem.app/oS6bP0.png;
652;Vegalta Sendai;JAPÃO;ÁSIA;https://a.imagem.app/ohbj6m.png;https://a.imagem.app/oS6bP0.png;
653;Seoul;JAPÃO;ÁSIA;https://a.imagem.app/oh8MeS.png;https://a.imagem.app/oS6bP0.png;
654;CHINA;CHINA;ÁSIA;;https://a.imagem.app/oS63Sy.png;
655;Wuhan Zall;CHINA;ÁSIA;https://a.imagem.app/oSs6l8.png;https://a.imagem.app/oS63Sy.png;
656;Tianjin Teda;CHINA;ÁSIA;https://a.imagem.app/oSsivE.png;https://a.imagem.app/oS63Sy.png;
657;Shijiazhuang Everbright;CHINA;ÁSIA;https://a.imagem.app/oSsXBe.png;https://a.imagem.app/oS63Sy.png;
658;Shenzhen Kaisa;CHINA;ÁSIA;https://a.imagem.app/oSsxFN.png;https://a.imagem.app/oS63Sy.png;
659;Shanghai Sipg;CHINA;ÁSIA;https://a.imagem.app/oSsTQC.png;https://a.imagem.app/oS63Sy.png;
660;Shanghai Shenhua;CHINA;ÁSIA;https://a.imagem.app/oSsqpY.png;https://a.imagem.app/oS63Sy.png;
661;Shandong Luneng Taishan;CHINA;ÁSIA;https://a.imagem.app/oSsjKa.png;https://a.imagem.app/oS63Sy.png;
662;Qingdao Huanghai;CHINA;ÁSIA;https://a.imagem.app/oSslC9.png;https://a.imagem.app/oS63Sy.png;
663;Jiangsu Suning;CHINA;ÁSIA;https://a.imagem.app/oSs5fk.png;https://a.imagem.app/oS63Sy.png;
664;Henan Jianye;CHINA;ÁSIA;https://a.imagem.app/oSsczV.png;https://a.imagem.app/oS63Sy.png;
665;Hebei China Fortune;CHINA;ÁSIA;https://a.imagem.app/oSsrlJ.png;https://a.imagem.app/oS63Sy.png;
666;Guangzhou R&F;CHINA;ÁSIA;https://a.imagem.app/oSswMG.png;https://a.imagem.app/oS63Sy.png;
667;Guangzhou Evergrande;CHINA;ÁSIA;https://a.imagem.app/oSsLBm.png;https://a.imagem.app/oS63Sy.png;
668;Dalian Pro;CHINA;ÁSIA;https://a.imagem.app/oSstXX.png;https://a.imagem.app/oS63Sy.png;
669;Chongqing Dangdai Lifan;CHINA;ÁSIA;https://a.imagem.app/oSsuRb.png;https://a.imagem.app/oS63Sy.png;
670;Beijing Guoan;CHINA;ÁSIA;https://a.imagem.app/oSsEpQ.png;https://a.imagem.app/oS63Sy.png;
671;Chengdu Rongcheng;CHINA;ÁSIA;https://a.imagem.app/3dPlbP.png;https://a.imagem.app/oS63Sy.png;
672;Wuhan Three Towns;CHINA;ÁSIA;https://a.imagem.app/3dPJm2.png;https://a.imagem.app/oS63Sy.png;
674;Abha Club;ARÁBIA;ÁSIA;https://a.imagem.app/ogyOSP.png;https://a.imagem.app/oSpgr9.png;
675;Al Ahli Saudi;ARÁBIA;ÁSIA;https://a.imagem.app/ogyWql.png;https://a.imagem.app/oSpgr9.png;
676;Al Ettifaq;ARÁBIA;ÁSIA;https://a.imagem.app/ogypmS.png;https://a.imagem.app/oSpgr9.png;
677;Al Fateh;ARÁBIA;ÁSIA;https://a.imagem.app/ogDAbv.png;https://a.imagem.app/oSpgr9.png;
678;Al Fayha;ARÁBIA;ÁSIA;https://a.imagem.app/ogDb6T.png;https://a.imagem.app/oSpgr9.png;
679;Al Hazem;ARÁBIA;ÁSIA;https://a.imagem.app/ogDqoQ.png;https://a.imagem.app/oSpgr9.png;
680;Al Hilal;ARÁBIA;ÁSIA;https://a.imagem.app/ogD3NZ.png;https://a.imagem.app/oSpgr9.png;
681;Al Nassr;ARÁBIA;ÁSIA;https://a.imagem.app/ogDGni.png;https://a.imagem.app/oSpgr9.png;
682;Al Ittihad Jeddah;ARÁBIA;ÁSIA;https://a.imagem.app/ogDHr8.png;https://a.imagem.app/oSpgr9.png;
683;Al Khaleej;ARÁBIA;ÁSIA;https://a.imagem.app/ogDSPE.png;https://a.imagem.app/oSpgr9.png;
684;Al Okhdood;ARÁBIA;ÁSIA;https://a.imagem.app/ogDkhe.png;https://a.imagem.app/oSpgr9.png;
685;Al Raed;ARÁBIA;ÁSIA;https://a.imagem.app/ogDzqN.png;https://a.imagem.app/oSpgr9.png;
686;Al Riyadh;ARÁBIA;ÁSIA;https://a.imagem.app/ogD2mC.png;https://a.imagem.app/oSpgr9.png;
687;Al Shabab;ARÁBIA;ÁSIA;https://a.imagem.app/ogDYoY.png;https://a.imagem.app/oSpgr9.png;
688;Al Tai;ARÁBIA;ÁSIA;https://a.imagem.app/ogDn6a.png;https://a.imagem.app/oSpgr9.png;
689;Al Taawoun;ARÁBIA;ÁSIA;https://a.imagem.app/ogD0E9.png;https://a.imagem.app/oSpgr9.png;
690;Al Wehda;ARÁBIA;ÁSIA;https://a.imagem.app/ogDKOk.png;https://a.imagem.app/oSpgr9.png;
691;Damac;ARÁBIA;ÁSIA;https://a.imagem.app/ogDsnV.png;https://a.imagem.app/oSpgr9.png;
693;Sydney;Austrália;ÁSIA;https://a.imagem.app/oh8YkZ.png;https://a.imagem.app/oSpO01.png;
694;Melbourne Victory;Austrália;ÁSIA;https://a.imagem.app/oh8nji.png;https://a.imagem.app/oSpO01.png;
695;Adelaide United;Austrália;ÁSIA;https://a.imagem.app/oh80v8.png;https://a.imagem.app/oSpO01.png;
696;Western Sydney;Austrália;ÁSIA;https://a.imagem.app/oh8e3E.png;https://a.imagem.app/oSpO01.png;
697;Perth Glory;Austrália;ÁSIA;https://a.imagem.app/oh8sFe.png;https://a.imagem.app/oSpO01.png;
699;Al Duhail;Catar;ÁSIA;https://a.imagem.app/oh8U23.png;https://a.imagem.app/oSpWrW.png;
700;Al Sadd;Catar;ÁSIA;https://a.imagem.app/oh84fT.png;https://a.imagem.app/oSpWrW.png;
701;Al Gharafa;Catar;ÁSIA;https://a.imagem.app/oh8alZ.png;https://a.imagem.app/oSpWrW.png;
702;Al Rayyan;Catar;ÁSIA;https://a.imagem.app/oh8fMi.png;https://a.imagem.app/oSpWrW.png;
704;Jeonbuk Hyundai Motors;Coréia do Sul;ÁSIA;https://a.imagem.app/ohA8eC.png;https://a.imagem.app/oSppUt.png;
705;Ulsan Hyundai;Coréia do Sul;ÁSIA;https://a.imagem.app/BtQ0pk.png;https://a.imagem.app/oSppUt.png;
706;Suwon Samsung Bluewings;Coréia do Sul;ÁSIA;https://a.imagem.app/ohAbfa.png;https://a.imagem.app/oSppUt.png;
707;Daegu;Coréia do Sul;ÁSIA;https://a.imagem.app/ohA329.png;https://a.imagem.app/oSppUt.png;
708;Gyeongnam;Coréia do Sul;ÁSIA;https://a.imagem.app/ohAB5k.png;https://a.imagem.app/oSppUt.png;
709;Jeju United;Coréia do Sul;ÁSIA;https://a.imagem.app/3dPqqr.png;https://a.imagem.app/oSppUt.png;
710;Pohang Steelers;Coréia do Sul;ÁSIA;https://a.imagem.app/3dPTSy.png;https://a.imagem.app/oSppUt.png;
712;Al Wasl;EAU;ÁSIA;https://a.imagem.app/ohAhxG.png;https://a.imagem.app/oh8Ak0.png;
713;Al Jazira;EAU;ÁSIA;https://a.imagem.app/ohASGJ.png;https://a.imagem.app/oh8Ak0.png;
714;Al Wahda;EAU;ÁSIA;https://a.imagem.app/ohAkRm.png;https://a.imagem.app/oh8Ak0.png;
715;Al Ain;EAU;ÁSIA;https://a.imagem.app/ohA28X.png;https://a.imagem.app/oh8Ak0.png;
716;Shabab Al Ahli Dubai;EAU;ÁSIA;https://a.imagem.app/ohA7sb.png;https://a.imagem.app/oh8Ak0.png;
717;Sharjah;EAU;ÁSIA;https://a.imagem.app/ohAYLQ.png;https://a.imagem.app/oh8Ak0.png;
719;Zob Ahan;Irã;ÁSIA;https://a.imagem.app/ohAK2W.png;https://a.imagem.app/oh8bJy.png;
720;Esteghlal;Irã;ÁSIA;https://a.imagem.app/ohAny1.png;https://a.imagem.app/oh8bJy.png;
721;Persepolis;Irã;ÁSIA;https://a.imagem.app/ohAe5t.png;https://a.imagem.app/oh8bJy.png;
722;Al Shorta;Irã;ÁSIA;https://a.imagem.app/ohAsV0.png;https://a.imagem.app/oh8bJy.png;
723;Shahr Khodrou;Irã;ÁSIA;https://a.imagem.app/oP45VE.png;https://a.imagem.app/oh8bJy.png;
724;Sepahan;Irã;ÁSIA;https://a.imagem.app/oP4cHe.png;https://a.imagem.app/oh8bJy.png;
726;Pakhtakor;Uzbequistão;ÁSIA;https://a.imagem.app/ohAixr.png;https://a.imagem.app/oh8B32.png;
728;Johor Darul Ta'zim;Malásia;ÁSIA;https://a.imagem.app/ohA6Gy.png;https://a.imagem.app/oh8GiP.png;
730;BMPES Sporting;Time PES;ÁSIA;https://a.imagem.app/oh8zwT.png;https://a.imagem.app/oh8k0v.png;
731;EUA;EUA;AMÉRICA DO NORTE;;https://a.imagem.app/3tWwOT.png;
1,77163E+12;Inter Miami;Estados Unidos;AMÉRICA DO NORTE;https://a.imagem.app/3uo7T8.png;https://flagcdn.com/w80/us.png;
733;Cincinnati;EUA;AMÉRICA DO NORTE;https://a.imagem.app/3uoYZE.png;https://a.imagem.app/3tWwOT.png;
734;Columbus Crew;EUA;AMÉRICA DO NORTE;https://a.imagem.app/3uo0Ae.png;https://a.imagem.app/3tWwOT.png;
735;New York Red Bulls;EUA;AMÉRICA DO NORTE;https://a.imagem.app/3uoKsN.png;https://a.imagem.app/3tWwOT.png;
736;Charlotte FC;EUA;AMÉRICA DO NORTE;https://a.imagem.app/3uosDY.png;https://a.imagem.app/3tWwOT.png;
737;Orlando City;EUA;AMÉRICA DO NORTE;https://a.imagem.app/3uo67a.png;https://a.imagem.app/3tWwOT.png;
738;LOS ANGELES GALAXY;EUA;AMÉRICA DO NORTE;https://a.imagem.app/3uoF4k.png;https://a.imagem.app/3tWwOT.png;
739;LOS ANGELES FC;EUA;AMÉRICA DO NORTE;https://a.imagem.app/3uoxHV.png;https://a.imagem.app/3tWwOT.png;
1,77163E+12;Real Salt Lake;Estados Unidos;AMÉRICA DO NORTE;https://a.imagem.app/3uoTTJ.png;https://flagcdn.com/w80/us.png;
741;Colorado Rapids;EUA;AMÉRICA DO NORTE;https://a.imagem.app/3uoqdG.png;https://a.imagem.app/3tWwOT.png;
742;Seattle Sounders;EUA;AMÉRICA DO NORTE;https://a.imagem.app/3uojAm.png;https://a.imagem.app/3tWwOT.png;
1,77163E+12;Atlanta United;Estados Unidos;AMÉRICA DO NORTE;https://a.imagem.app/BEahMa.png;https://flagcdn.com/w80/us.png;
1,77163E+12;Austin Fc;Estados Unidos;AMÉRICA DO NORTE;https://a.imagem.app/BEaS5Y.png;https://flagcdn.com/w80/us.png;
1,77163E+12;Chicago Fire;Estados Unidos;AMÉRICA DO NORTE;https://a.imagem.app/BEazG9.png;https://flagcdn.com/w80/us.png;
1,77163E+12;D.C. United;Estados Unidos;AMÉRICA DO NORTE;https://a.imagem.app/BEa2xk.png;https://flagcdn.com/w80/us.png;
1,77163E+12;Fc Dallas;Estados Unidos;AMÉRICA DO NORTE;https://a.imagem.app/BEa7RV.png;https://flagcdn.com/w80/us.png;
1,77163E+12;New England Revolution;Estados Unidos;AMÉRICA DO NORTE;https://a.imagem.app/BEan8J.png;https://flagcdn.com/w80/us.png;
1,77163E+12;Philadelphia Union;Estados Unidos;AMÉRICA DO NORTE;https://a.imagem.app/BEa0sG.png;https://flagcdn.com/w80/us.png;
1,77163E+12;San Jose Earthquakes;Estados Unidos;AMÉRICA DO NORTE;https://a.imagem.app/BEaKLm.png;https://flagcdn.com/w80/us.png;
751;Sporting Kansas City;EUA;AMÉRICA DO NORTE;https://a.imagem.app/BEaeyX.png;https://a.imagem.app/3tWwOT.png;
752;MÉXICO;MÉXICO;AMÉRICA DO NORTE;;https://a.imagem.app/3tWtrZ.png;
753;Cruz Azul;MÉXICO;AMÉRICA DO NORTE;https://a.imagem.app/3ubpGy.png;https://a.imagem.app/3tWtrZ.png;
754;Monterrey;MÉXICO;AMÉRICA DO NORTE;https://a.imagem.app/3ubOV0.png;https://a.imagem.app/3tWtrZ.png;
755;Tigres Uanl;MÉXICO;AMÉRICA DO NORTE;https://a.imagem.app/3uo8xr.png;https://a.imagem.app/3tWtrZ.png;
756;Atlas Guadalajara;MÉXICO;AMÉRICA DO NORTE;https://a.imagem.app/3uoAZ2.png;https://a.imagem.app/3tWtrZ.png;
757;Club Tijuana;MÉXICO;AMÉRICA DO NORTE;https://a.imagem.app/3uoo8P.png;https://a.imagem.app/3tWtrZ.png;
758;Unam Pumas;MÉXICO;AMÉRICA DO NORTE;https://a.imagem.app/3uo3sl.png;https://a.imagem.app/3tWtrZ.png;
759;Deportivo Toluca;MÉXICO;AMÉRICA DO NORTE;https://a.imagem.app/3uoBtS.png;https://a.imagem.app/3tWtrZ.png;
760;Deportivo Guadalajara;MÉXICO;AMÉRICA DO NORTE;https://a.imagem.app/3uoGyv.png;https://a.imagem.app/3tWtrZ.png;
761;Club Necaxa;MÉXICO;AMÉRICA DO NORTE;https://a.imagem.app/3uoS7T.png;https://a.imagem.app/3tWtrZ.png;
762;Puebla;MÉXICO;AMÉRICA DO NORTE;https://a.imagem.app/3uoh93.png;https://a.imagem.app/3tWtrZ.png;
763;Club América;MÉXICO;AMÉRICA DO NORTE;https://a.imagem.app/3uokVZ.png;https://a.imagem.app/3tWtrZ.png;
764;Pachuca;MÉXICO;AMÉRICA DO NORTE;https://a.imagem.app/3uo2Hi.png;https://a.imagem.app/3tWtrZ.png;
765;Atlético De San Luis;MÉXICO;AMÉRICA DO NORTE;https://a.imagem.app/BEUNMT.png;https://a.imagem.app/3tWtrZ.png;
766;Club León;MÉXICO;AMÉRICA DO NORTE;https://a.imagem.app/BEUWG3.png;https://a.imagem.app/3tWtrZ.png;
767;Fc Juárez;MÉXICO;AMÉRICA DO NORTE;https://a.imagem.app/BEUpXZ.png;https://a.imagem.app/3tWtrZ.png;
768;Mazatlán;MÉXICO;AMÉRICA DO NORTE;https://a.imagem.app/BEa8Ri.png;https://a.imagem.app/3tWtrZ.png;
769;Querétaro;MÉXICO;AMÉRICA DO NORTE;https://a.imagem.app/BEab88.png;https://a.imagem.app/3tWtrZ.png;
770;Santos Laguna;MÉXICO;AMÉRICA DO NORTE;https://a.imagem.app/BEaoeE.png;https://a.imagem.app/3tWtrZ.png;
771;CANADÁ;CANADÁ;AMÉRICA DO NORTE;;https://a.imagem.app/3tWrEv.png;
772;Forge;CANADÁ;AMÉRICA DO NORTE;https://a.imagem.app/3ubvGJ.png;https://a.imagem.app/3tWrEv.png;
1,77163E+12;Atlético Ottawa;Estados Unidos;AMÉRICA DO NORTE;https://a.imagem.app/3ubMxG.png;https://flagcdn.com/w80/us.png;
774;Cavalry ;CANADÁ;AMÉRICA DO NORTE;https://a.imagem.app/3ubVRm.png;https://a.imagem.app/3tWrEv.png;
775;York Unt.;CANADÁ;AMÉRICA DO NORTE;https://a.imagem.app/3ubP8X.png;https://a.imagem.app/3tWrEv.png;
776;Vancouver FC;CANADÁ;AMÉRICA DO NORTE;https://a.imagem.app/3ubUsb.png;https://a.imagem.app/3tWrEv.png;
1,77163E+12;Pacific FC;Estados Unidos;AMÉRICA DO NORTE;https://a.imagem.app/3ubaLQ.png;https://flagcdn.com/w80/us.png;
778;Valour;CANADÁ;AMÉRICA DO NORTE;https://a.imagem.app/3ubfy1.png;https://a.imagem.app/3tWrEv.png;
1,77163E+12;HFX Wanderers;Estados Unidos;AMÉRICA DO NORTE;https://a.imagem.app/3ubD2W.png;https://flagcdn.com/w80/us.png;
780;COSTA RICA;COSTA RICA;AMÉRICA DO NORTE;;https://a.imagem.app/3tWciS.png;
781;Liga Alajuelense;COSTA RICA;AMÉRICA DO NORTE;https://a.imagem.app/3ubwG8.png;https://a.imagem.app/3tWciS.png;
782;Sport Cartagines;COSTA RICA;AMÉRICA DO NORTE;https://a.imagem.app/3ubCXE.png;https://a.imagem.app/3tWciS.png;
783;Deportivo Saprissa;COSTA RICA;AMÉRICA DO NORTE;https://a.imagem.app/3ubtpN.png;https://a.imagem.app/3tWciS.png;
784;AD San Carlos;COSTA RICA;AMÉRICA DO NORTE;https://a.imagem.app/3ubLRe.png;https://a.imagem.app/3tWciS.png;
785;Municipal Liberia;COSTA RICA;AMÉRICA DO NORTE;https://a.imagem.app/3ubEeC.png;https://a.imagem.app/3tWciS.png;
786;Herediano;COSTA RICA;AMÉRICA DO NORTE;https://a.imagem.app/3ubILY.png;https://a.imagem.app/3tWciS.png;
787;Pérez Zeledón;COSTA RICA;AMÉRICA DO NORTE;https://a.imagem.app/3ubQfa.png;https://a.imagem.app/3tWciS.png;
788;Sporting FC;COSTA RICA;AMÉRICA DO NORTE;https://a.imagem.app/BEUDlv.png;https://a.imagem.app/3tWciS.png;
789;Puntarenas;COSTA RICA;AMÉRICA DO NORTE;https://a.imagem.app/3ubd5k.png;https://a.imagem.app/3tWciS.png;
790;Guadalupe;COSTA RICA;AMÉRICA DO NORTE;https://a.imagem.app/BEUy2S.png;https://a.imagem.app/3tWciS.png;
791;JAMAICA;JAMAICA;AMÉRICA DO NORTE;;https://a.imagem.app/3tWL03.png;
792;Mount Pleasant;JAMAICA;AMÉRICA DO NORTE;https://a.imagem.app/3ub1vy.png;https://a.imagem.app/3tWL03.png;
793;Cavalier;JAMAICA;AMÉRICA DO NORTE;https://a.imagem.app/3ubsl0.png;https://a.imagem.app/3tWL03.png;
794;Tivoli Gardens;JAMAICA;AMÉRICA DO NORTE;https://a.imagem.app/3ubiBr.png;https://a.imagem.app/3tWL03.png;
795;Portmore United;JAMAICA;AMÉRICA DO NORTE;https://a.imagem.app/3ubFX2.png;https://a.imagem.app/3tWL03.png;
796;Arnett Gardens;JAMAICA;AMÉRICA DO NORTE;https://a.imagem.app/3ubXQP.png;https://a.imagem.app/3tWL03.png;
797;Waterhouse;JAMAICA;AMÉRICA DO NORTE;https://a.imagem.app/3ubxpl.png;https://a.imagem.app/3tWL03.png;
798;Montego Bay United;JAMAICA;AMÉRICA DO NORTE;https://a.imagem.app/3ubqeS.png;https://a.imagem.app/3tWL03.png;
799;Dunbeholden;JAMAICA;AMÉRICA DO NORTE;https://a.imagem.app/3ubJCv.png;https://a.imagem.app/3tWL03.png;
800;Vere United;JAMAICA;AMÉRICA DO NORTE;https://a.imagem.app/3ubjfT.png;https://a.imagem.app/3tWL03.png;
801;Humble Lions;JAMAICA;AMÉRICA DO NORTE;https://a.imagem.app/3ub523.png;https://a.imagem.app/3tWL03.png;
803;AL AHLY;Egito;;https://a.imagem.app/o7BuIt.png;https://a.imagem.app/o7BZa2.png;
1,77163E+12;Charlotte Fc;Estados Unidos;AMÉRICA DO NORTE;https://a.imagem.app/3uosDY.png;https://flagcdn.com/w80/us.png;
1,77163E+12;Csd Xelajú;Estados Unidos;AMÉRICA DO NORTE;https://a.imagem.app/G8IEdk.png;https://flagcdn.com/w80/us.png;
1,77163E+12;York United Fc;Estados Unidos;AMÉRICA DO NORTE;https://a.imagem.app/G8IuT9.png;https://flagcdn.com/w80/us.png;
1,77163E+12;LOS ANGELeS FC;Estados Unidos;AMÉRICA DO NORTE;https://a.imagem.app/3uoxHV.png;https://flagcdn.com/w80/us.png;
1,77163E+12;Alianza Fútbol Club;Estados Unidos;AMÉRICA DO NORTE;https://a.imagem.app/G8IQAV.png;https://flagcdn.com/w80/us.png;
1,77163E+12;St. Louis City Sc;Estados Unidos;AMÉRICA DO NORTE;https://a.imagem.app/G8IR1J.png;https://flagcdn.com/w80/us.png;
1,77163E+12;New York City FC;Estados Unidos;AMÉRICA DO NORTE;https://a.imagem.app/G8IdDm.png;https://flagcdn.com/w80/us.png;
